Education;Income;Kidhome;Teenhome;Recency;Wines;Fruits;Meat;Fish;Sweets;Gold;NumDealsPurchases;NumWebPurchases;NumCatalogPurchases;NumStorePurchases;NumWebVisitsMonth;Age;Spent;Children;Family_Size;Is_Parent
2;72679.0;0;1;65;619;54;260;127;54;54;1;4;7;5;1;52;1168;1;2;1
1;7500.0;1;0;7;2;8;11;3;8;21;4;3;2;2;7;42;53;1;3;1
3;52278.0;0;1;24;953;0;71;0;0;174;6;10;5;10;8;58;1198;1;2;1
1;67309.0;1;1;76;515;47;181;149;95;95;15;9;6;9;7;54;1082;2;4;1
3;35860.0;1;1;37;15;0;8;4;2;20;2;1;1;2;5;48;49;2;3;1
2;52117.0;0;1;55;112;10;107;30;0;20;2;5;2;4;7;56;279;1;3;1
3;21840.0;1;0;80;17;0;9;0;0;1;1;1;0;3;9;38;27;1;3;1
1;26997.0;0;0;89;7;23;78;133;49;144;2;4;2;5;7;70;434;0;2;0
3;58494.0;0;1;56;298;7;68;4;0;19;2;6;2;6;6;47;396;1;3;1
3;46014.0;1;1;21;410;0;59;19;9;44;10;7;1;8;7;47;541;2;4;1
2;80695.0;0;0;85;557;129;984;193;37;18;1;5;8;5;2;58;1918;0;1;0
3;68462.0;0;0;6;561;64;785;84;128;48;1;3;3;8;1;52;1670;0;2;0
2;32871.0;1;1;28;22;2;12;0;2;5;1;1;0;3;4;70;43;2;4;1
2;24072.0;1;0;79;9;1;6;3;0;4;1;1;0;2;8;38;23;1;2;1
2;39722.0;0;1;92;32;0;5;2;0;8;2;2;0;3;5;68;47;1;3;1
2;47009.0;0;1;89;171;45;73;59;10;90;4;3;2;8;4;56;448;1;3;1
2;60199.0;1;2;49;8;1;7;2;0;0;1;0;0;3;4;43;18;3;4;1
2;85693.0;0;1;59;386;172;183;185;132;111;2;9;5;11;5;42;1169;1;3;1
1;26487.0;1;0;23;2;8;10;12;14;23;3;2;1;3;5;43;69;1;2;1
2;51267.0;1;1;37;183;2;64;7;2;12;4;3;3;5;4;43;270;2;4;1
2;51287.0;1;1;10;117;0;22;13;0;30;3;4;1;3;7;53;182;2;4;1
3;63159.0;0;0;74;965;34;586;89;86;37;1;3;5;8;3;47;1797;0;1;0
3;51563.0;0;0;60;1166;0;48;0;0;36;1;4;4;10;8;34;1250;0;2;0
3;37368.0;1;0;4;3;2;11;2;2;10;1;1;0;2;6;46;30;1;3;1
2;40059.0;1;0;82;110;29;92;28;10;145;1;6;2;3;8;37;414;1;3;1
1;16014.0;1;1;42;3;9;4;7;8;7;4;1;1;4;3;42;38;2;3;1
2;25545.0;1;0;35;32;1;64;16;12;85;3;2;2;3;6;34;210;1;3;1
2;76320.0;0;1;49;526;35;214;69;53;35;2;6;3;4;2;62;932;1;2;1
2;79800.0;0;0;65;1060;21;530;32;0;224;1;5;11;5;3;66;1867;0;1;0
2;15033.0;0;0;37;0;4;5;6;0;4;1;1;0;3;3;70;19;0;1;0
1;32632.0;0;0;32;63;151;137;153;19;53;2;4;4;8;5;58;576;0;2;0
2;35441.0;1;1;94;25;1;9;2;1;1;2;1;0;3;8;54;39;2;4;1
3;78579.0;0;0;35;816;66;549;216;66;99;1;5;6;4;3;51;1812;0;1;0
3;64857.0;0;0;78;556;14;717;210;0;43;1;7;5;10;4;65;1540;0;1;0
2;81246.0;0;0;87;398;190;537;61;156;37;1;4;5;7;1;57;1379;0;1;0
2;43462.0;1;1;50;90;17;97;15;6;15;6;4;1;5;8;69;240;2;4;1
2;70596.0;0;0;68;347;44;534;17;0;26;1;3;5;12;2;36;968;0;1;0
2;42160.0;1;1;26;48;9;45;3;15;20;4;2;1;4;6;46;140;2;3;1
2;37235.0;1;0;68;20;2;9;4;6;20;1;1;1;2;4;37;61;1;3;1
3;42767.0;2;0;53;20;6;43;19;5;38;1;3;1;2;8;50;131;2;3;1
1;41769.0;0;1;31;302;29;131;32;0;27;6;8;1;7;8;66;521;1;2;1
2;27244.0;1;0;84;6;5;17;3;24;46;2;2;2;2;7;42;101;1;3;1
3;113734.0;0;0;9;6;2;3;1;262;3;0;27;0;0;1;76;277;0;1;0
2;47703.0;0;1;95;359;0;134;13;26;123;4;6;3;8;5;68;655;1;3;1
2;44989.0;0;1;26;98;0;106;49;10;106;5;5;1;5;6;47;369;1;3;1
2;56253.0;0;1;83;509;0;65;7;11;5;4;7;2;9;6;58;597;1;3;1
2;75903.0;0;1;50;340;108;185;130;38;100;2;6;6;9;3;70;901;1;3;1
2;34916.0;2;0;89;51;23;82;33;0;42;4;5;1;3;9;53;231;2;4;1
3;62694.0;1;1;29;379;6;157;25;91;91;5;9;3;7;7;56;749;2;4;1
2;36997.0;1;1;72;43;4;12;8;0;27;5;2;1;4;5;53;94;2;3;1
2;65777.0;0;0;87;565;32;435;28;32;54;1;2;8;6;1;54;1146;0;2;0
2;84906.0;0;0;98;997;15;414;99;30;76;1;5;6;12;2;49;1631;0;2;0
2;72282.0;0;0;70;503;27;419;90;139;153;1;5;7;9;7;70;1331;0;1;0
3;46374.0;0;1;1;408;0;21;0;0;17;3;7;1;7;8;47;446;1;3;1
2;73170.0;0;0;1;184;174;256;50;30;32;1;5;4;6;2;46;726;0;1;0
2;88347.0;0;0;32;1050;178;555;77;138;118;1;4;7;9;1;60;2116;0;2;0
2;54162.0;1;1;31;5;6;10;6;5;10;1;1;0;3;4;43;42;2;3;1
2;47916.0;0;1;72;505;0;26;0;0;75;5;7;4;6;6;61;606;1;2;1
3;7144.0;0;2;92;81;4;33;5;2;291;0;23;1;1;0;55;416;2;3;1
3;81380.0;0;0;51;741;68;689;224;68;103;1;4;2;10;2;54;1893;0;1;0
3;35860.0;1;1;37;15;0;8;4;2;20;2;1;1;2;5;48;49;2;3;1
2;50300.0;0;1;52;143;15;60;24;23;5;2;2;1;8;2;69;270;1;3;1
3;69805.0;0;1;50;750;71;174;13;10;20;2;6;8;11;2;69;1038;1;3;1
2;71367.0;0;0;24;227;23;389;42;21;75;1;4;5;7;2;62;777;0;2;0
2;92344.0;0;0;9;992;24;694;51;19;119;0;5;10;5;1;73;1899;0;2;0
3;38620.0;0;0;56;112;17;44;34;22;89;1;2;5;3;3;58;318;0;2;0
2;75922.0;0;0;60;265;138;553;224;23;92;1;4;4;9;1;53;1295;0;1;0
2;36026.0;2;1;34;20;4;10;6;4;17;2;2;0;3;6;49;61;3;5;1
1;28389.0;0;0;49;1;5;3;7;4;8;1;1;0;2;7;74;28;0;2;0
2;84574.0;0;0;72;387;20;713;38;54;163;1;9;11;11;5;69;1375;0;1;0
1;65704.0;0;0;18;279;172;74;38;8;246;1;2;10;10;1;49;817;0;1;0
3;38725.0;1;1;52;31;0;6;2;1;5;2;1;0;4;4;66;45;2;4;1
3;65735.0;1;1;37;239;7;119;4;15;11;5;6;2;6;7;56;395;2;4;1
3;37509.0;1;0;24;37;5;56;12;8;5;2;3;0;4;7;45;123;1;3;1
3;61346.0;1;0;34;562;58;168;43;16;142;1;5;7;10;3;43;989;1;3;1
2;36108.0;1;0;68;141;8;129;3;11;47;3;7;1;4;9;37;339;1;2;1
1;80617.0;0;0;42;594;51;631;72;55;32;1;4;6;8;2;26;1435;0;1;0
3;57906.0;0;1;29;243;11;119;10;3;15;3;4;2;8;4;48;401;1;3;1
3;85431.0;0;0;54;376;53;462;168;53;53;1;2;7;7;0;69;1165;0;2;0
2;79823.0;0;1;6;835;73;380;114;73;43;1;6;9;7;2;62;1518;1;3;1
2;39146.0;1;0;1;94;1;33;13;12;12;3;4;0;4;8;35;165;1;2;1
3;66465.0;0;1;1;1200;0;204;38;29;14;3;11;9;12;6;66;1485;1;3;1
3;82032.0;0;0;54;332;194;377;149;125;57;0;4;6;7;1;73;1234;0;1;0
3;71499.0;0;1;12;465;25;132;136;0;37;2;8;3;13;4;50;795;1;3;1
3;45207.0;1;1;64;203;0;10;0;0;2;5;3;1;6;6;47;215;2;4;1
3;33585.0;0;1;91;30;11;33;13;6;29;1;2;0;4;4;55;122;1;3;1
2;68627.0;0;0;45;395;15;263;60;54;38;1;2;3;6;1;39;825;0;1;0
1;75774.0;1;0;27;340;21;134;258;14;56;1;7;5;8;4;40;823;1;3;1
2;80134.0;1;0;40;1218;16;272;104;0;80;2;5;3;6;6;49;1690;1;3;1
3;80141.0;0;0;20;1184;102;673;52;40;40;1;7;4;10;6;35;2091;0;2;0
2;40479.0;1;0;95;5;0;8;2;0;0;1;0;0;3;4;39;15;1;3;1
2;65685.0;0;1;54;642;14;49;0;7;57;1;9;2;9;5;49;769;1;3;1
2;26067.0;1;0;49;22;2;18;0;2;12;3;3;0;3;8;47;56;1;3;1
2;74854.0;1;2;90;856;59;487;58;29;73;7;2;5;5;5;51;1562;3;5;1
2;102692.0;0;0;5;168;148;444;32;172;148;1;6;9;13;2;47;1112;0;1;0
3;77766.0;0;1;97;1004;59;265;115;59;27;2;11;10;11;6;54;1529;1;3;1
3;61794.0;0;1;74;264;47;188;54;47;11;2;4;4;10;2;60;611;1;3;1
3;39684.0;1;0;41;19;0;35;6;4;17;2;2;1;2;7;37;81;1;2;1
3;30732.0;1;0;44;155;1;25;0;1;3;4;4;1;4;8;41;185;1;3;1
3;25358.0;0;1;57;19;0;5;0;0;8;2;1;0;3;6;74;32;1;2;1
2;67272.0;0;1;12;357;35;271;28;28;14;3;6;2;12;5;55;733;1;2;1
3;68657.0;0;0;4;482;34;471;119;68;22;1;3;5;9;7;75;1196;0;2;0
2;74716.0;0;1;92;133;27;421;13;195;71;2;7;3;5;4;49;860;1;3;1
3;84460.0;0;0;80;152;27;103;106;54;81;0;9;9;4;5;63;523;0;2;0
2;76998.0;0;1;85;1449;89;161;69;35;107;2;11;8;8;6;66;1910;1;3;1
1;45204.0;1;0;93;30;11;25;29;1;18;1;1;1;4;3;33;114;1;3;1
1;20425.0;1;0;5;4;12;5;3;16;17;2;2;0;3;7;35;57;1;3;1
2;71391.0;0;1;50;336;123;274;46;123;141;5;6;5;12;3;65;1043;1;3;1
3;51390.0;1;1;54;205;20;47;23;2;56;6;5;2;5;5;56;353;2;3;1
2;45203.0;2;0;4;35;3;67;10;8;24;1;3;1;3;6;39;147;2;4;1
2;41728.0;1;0;92;13;6;15;3;5;13;1;2;0;2;10;53;55;1;3;1
3;38513.0;1;0;20;172;3;115;16;0;18;5;6;1;5;8;39;324;1;2;1
2;30279.0;1;0;13;10;4;14;4;4;1;1;1;0;3;8;32;37;1;2;1
1;82504.0;0;0;2;362;50;431;134;35;54;1;3;6;7;1;61;1066;0;2;0
2;70503.0;0;0;73;1379;33;216;0;33;66;1;2;4;9;6;68;1727;0;2;0
2;34728.0;1;0;2;14;0;16;0;0;6;1;1;1;2;6;35;36;1;3;1
2;79865.0;0;1;12;71;99;278;185;121;38;1;5;10;5;1;67;792;1;2;1
2;70165.0;0;0;60;161;0;253;199;191;122;1;3;7;11;1;72;926;0;1;0
2;32144.0;1;1;76;41;0;10;0;0;3;4;2;1;3;7;67;54;2;4;1
2;38285.0;2;1;96;2;0;5;2;0;1;1;0;0;3;2;62;10;3;5;1
2;53863.0;0;1;4;399;4;30;6;4;30;3;7;1;7;7;66;473;1;3;1
3;67536.0;0;1;45;1253;0;447;23;71;35;3;11;5;11;8;51;1829;1;3;1
3;30522.0;0;1;6;179;8;83;19;11;26;5;1;2;9;2;61;326;1;3;1
2;30545.0;1;0;71;4;12;15;19;7;12;2;2;0;3;7;42;69;1;3;1
3;23091.0;1;1;98;35;0;11;0;0;2;4;2;1;3;7;58;48;2;3;1
2;64795.0;0;1;23;412;5;119;38;29;77;3;3;3;12;2;50;680;1;3;1
3;67786.0;0;0;0;431;82;441;80;20;102;1;3;6;6;1;62;1156;0;1;0
3;40344.0;0;1;48;210;0;6;0;0;2;2;4;1;5;7;47;218;1;3;1
1;82326.0;0;0;30;938;142;754;159;81;183;1;5;10;6;2;44;2257;0;2;0
3;36947.0;1;1;49;88;3;21;4;1;29;4;3;0;4;9;54;146;2;4;1
2;87195.0;0;0;35;217;76;690;50;26;38;1;3;11;5;1;62;1097;0;2;0
3;156924.0;0;0;85;2;1;2;1;1;1;0;0;0;0;0;72;8;0;2;0
2;29478.0;1;0;59;8;0;7;3;1;1;1;1;0;3;6;45;20;1;3;1
2;26228.0;1;0;50;2;6;4;3;1;9;1;1;0;2;8;48;25;1;3;1
1;17117.0;1;0;96;12;23;38;30;18;7;4;3;1;3;9;43;128;1;3;1
3;38887.0;1;0;17;25;1;13;0;0;3;1;1;0;3;7;49;42;1;3;1
2;33178.0;1;0;9;12;6;2;11;2;16;1;1;0;3;4;44;49;1;3;1
1;35688.0;2;1;94;73;3;90;12;1;32;7;4;1;4;8;48;211;3;5;1
3;81574.0;0;0;89;1252;0;465;46;35;0;1;4;5;8;1;74;1798;0;2;0
2;20895.0;1;0;24;18;3;17;3;0;4;1;2;0;3;9;48;45;1;3;1
2;37292.0;1;0;32;275;0;86;10;23;66;5;6;3;5;8;38;460;1;3;1
3;46098.0;1;1;86;57;0;27;0;0;36;4;3;2;2;8;46;120;2;3;1
2;666666.0;1;0;23;9;14;18;8;1;12;4;3;1;3;6;44;62;1;3;1
2;42014.0;1;0;56;244;15;108;4;15;50;6;7;1;6;8;44;436;1;3;1
1;7500.0;0;0;24;3;18;14;15;22;50;3;3;1;3;9;25;122;0;2;0
2;30093.0;0;0;19;2;6;28;13;4;16;1;2;0;3;7;31;69;0;2;0
2;26576.0;1;0;40;10;0;8;0;0;9;1;1;0;2;9;35;27;1;2;1
2;70044.0;0;1;46;1073;0;250;153;14;14;4;7;10;5;5;67;1504;1;2;1
3;58482.0;0;1;59;576;7;115;19;7;7;2;7;4;9;6;66;731;1;3;1
3;41021.0;1;0;12;14;7;9;6;16;12;2;2;0;3;6;52;64;1;3;1
2;62503.0;0;1;40;478;0;193;110;75;117;4;8;3;11;5;65;973;1;3;1
2;74485.0;0;0;58;499;149;815;173;49;49;1;6;7;12;3;74;1734;0;2;0
2;71367.0;0;0;24;227;23;389;42;21;75;1;4;5;7;2;62;777;0;2;0
3;35416.0;0;0;62;248;3;81;4;3;51;3;7;1;5;8;72;390;0;1;0
3;46098.0;1;1;86;57;0;27;0;0;36;4;3;2;2;8;46;120;2;3;1
2;42429.0;0;1;99;55;0;6;2;0;4;2;1;1;3;5;48;67;1;2;1
2;25293.0;1;0;51;15;0;11;0;2;9;1;1;1;2;8;52;37;1;3;1
1;47821.0;1;1;54;9;0;16;6;6;10;1;1;0;3;8;54;47;2;4;1
3;75865.0;0;0;73;483;0;591;156;0;12;1;3;5;10;1;78;1242;0;2;0
3;45579.0;0;1;10;145;1;33;2;1;1;1;4;1;4;6;73;183;1;3;1
2;28359.0;1;0;35;6;0;5;2;1;2;1;1;0;2;7;38;16;1;3;1
3;34554.0;0;1;43;41;1;6;2;0;5;2;2;0;3;6;62;55;1;2;1
1;16005.0;1;0;69;1;3;2;20;30;47;3;2;1;2;8;41;103;1;3;1
2;70596.0;0;0;68;347;44;534;17;0;26;1;3;5;12;2;36;968;0;1;0
3;27238.0;1;1;39;37;0;17;0;0;3;3;3;0;3;9;59;57;2;3;1
1;22123.0;0;0;77;3;3;24;34;7;31;1;2;1;3;5;61;102;0;1;0
3;54348.0;1;1;51;70;0;16;0;0;4;2;2;0;4;6;68;90;2;4;1
3;78128.0;0;1;89;934;24;230;16;24;36;2;8;4;6;3;47;1264;1;3;1
1;23162.0;1;1;82;8;3;9;19;4;22;3;1;1;3;6;51;65;2;4;1
2;75127.0;0;0;92;203;35;305;46;17;227;1;2;11;5;1;69;833;0;1;0
3;37087.0;1;0;50;194;55;134;15;0;3;3;4;2;8;6;47;401;1;3;1
3;51569.0;0;1;39;380;0;47;6;0;34;4;7;1;7;8;72;467;1;2;1
2;50200.0;1;1;70;266;6;51;8;6;64;6;7;1;5;8;45;401;2;4;1
1;23148.0;0;0;83;4;6;8;6;3;10;1;2;0;3;7;36;37;0;2;0
2;45906.0;0;1;20;305;3;27;4;3;144;2;5;4;4;5;57;486;1;2;1
2;51373.0;0;0;37;83;2;101;64;26;117;1;3;5;3;4;30;393;0;2;0
3;69674.0;0;2;46;554;41;215;11;0;24;3;10;2;10;5;53;845;2;3;1
2;51195.0;1;1;46;230;14;156;82;24;58;8;9;2;5;8;59;564;2;4;1
2;12571.0;1;0;86;3;5;14;2;12;17;4;3;1;3;6;45;53;1;2;1
2;72570.0;0;0;67;274;83;216;151;141;224;1;4;6;12;1;37;1089;0;2;0
1;87000.0;0;0;61;196;25;607;67;17;49;1;4;6;7;2;29;961;0;2;0
3;32892.0;1;0;78;26;0;15;2;1;2;2;3;0;3;8;50;46;1;3;1
1;27733.0;1;0;16;0;7;5;26;2;17;2;2;0;3;7;40;57;1;3;1
2;73455.0;0;0;98;901;61;757;186;163;20;1;6;5;10;3;53;2088;0;1;0
2;72071.0;0;1;4;531;69;300;150;138;150;3;5;4;8;2;67;1338;1;2;1
2;40521.0;1;1;82;12;0;5;0;0;4;1;0;1;2;5;53;21;2;4;1
3;67381.0;0;1;67;815;8;53;11;0;70;4;2;2;9;7;70;957;1;3;1
2;40464.0;0;1;78;424;17;118;7;23;41;6;8;2;8;8;68;630;1;2;1
2;63381.0;0;1;78;571;50;142;33;50;159;4;4;5;13;2;61;1005;1;3;1
2;41154.0;0;1;98;44;2;11;2;3;7;1;1;0;4;5;43;69;1;3;1
2;60934.0;0;1;41;224;155;155;192;93;54;2;6;4;11;4;46;873;1;3;1
2;61825.0;0;1;56;162;50;100;55;30;27;1;4;2;8;4;42;424;1;2;1
2;86610.0;0;0;66;446;107;768;33;196;53;1;5;6;6;2;70;1603;0;2;0
2;56386.0;1;1;51;230;48;214;13;32;75;8;9;1;7;9;40;612;2;4;1
2;27038.0;0;0;64;1;26;25;17;23;15;1;3;0;3;9;55;107;0;1;0
2;23477.0;1;0;39;38;15;54;3;8;29;3;3;0;4;8;35;147;1;3;1
2;29315.0;1;1;55;13;2;14;8;7;4;4;2;0;4;6;61;48;2;4;1
1;34445.0;0;0;92;228;122;122;208;129;30;6;11;2;8;9;40;839;0;2;0
2;30467.0;1;0;8;1;3;8;2;5;5;1;1;0;2;7;49;24;1;3;1
2;30772.0;1;1;89;7;2;4;2;1;4;1;1;0;2;6;45;20;2;4;1
2;55956.0;0;0;22;760;38;104;50;9;38;2;7;3;4;4;77;999;0;2;0
2;27255.0;1;0;3;22;1;11;0;1;2;1;1;0;3;7;37;37;1;3;1
3;31385.0;1;0;56;3;2;12;0;1;9;1;1;0;2;8;37;27;1;2;1
1;26326.0;0;0;12;1;0;5;0;3;9;1;0;0;3;3;45;18;0;2;0
3;70038.0;0;0;54;587;54;348;71;54;130;1;4;4;8;2;39;1244;0;2;0
3;91712.0;0;0;47;1276;24;746;94;29;48;0;9;7;11;3;74;2217;0;1;0
3;74637.0;0;0;73;960;64;464;146;0;16;1;6;9;9;3;67;1650;0;1;0
3;56129.0;0;1;65;320;48;133;39;72;48;4;6;2;10;4;68;660;1;3;1
2;91700.0;0;0;58;576;172;961;125;115;19;1;8;6;5;3;50;1968;0;1;0
3;82733.0;0;0;28;712;50;420;65;38;38;1;8;4;7;4;37;1323;0;1;0
3;78825.0;0;0;35;483;74;114;169;37;18;1;5;10;13;3;57;895;0;1;0
3;36736.0;1;1;52;10;0;3;0;0;4;1;1;0;2;6;58;17;2;3;1
3;46390.0;0;1;56;95;14;64;2;9;38;1;4;2;3;7;66;222;1;2;1
2;157146.0;0;0;13;1;0;1725;2;1;1;0;0;28;0;1;44;1730;0;2;0
2;33402.0;1;1;60;26;2;19;10;5;8;3;2;1;3;8;69;70;2;4;1
2;44931.0;0;1;0;78;0;11;0;0;7;1;2;1;3;5;54;96;1;3;1
3;64866.0;0;1;9;508;5;21;7;5;10;4;7;3;7;5;71;556;1;2;1
3;55158.0;1;1;72;293;0;87;4;11;23;4;7;2;5;7;51;418;2;4;1
2;75825.0;0;0;40;1032;105;779;137;105;51;0;5;8;9;4;45;2209;0;1;0
2;80124.0;0;0;47;483;84;398;205;84;241;1;3;7;8;1;58;1495;0;2;0
2;31615.0;1;0;82;2;3;20;6;11;9;2;2;0;3;7;45;51;1;2;1
2;79529.0;0;0;1;423;42;706;73;197;197;1;4;8;9;2;35;1638;0;2;0
2;53977.0;0;1;21;620;16;165;0;24;82;5;5;5;12;5;63;907;1;3;1
3;54998.0;0;1;3;154;22;202;39;30;8;5;4;2;9;4;65;455;1;2;1
2;22263.0;1;1;31;17;0;2;0;0;2;2;1;0;3;6;70;21;2;3;1
3;56962.0;2;1;60;292;3;77;10;3;26;7;6;3;5;7;56;411;3;5;1
3;6835.0;0;1;76;107;2;12;2;2;12;0;0;0;1;20;64;137;1;3;1
3;69084.0;1;0;43;1181;107;199;39;30;30;2;7;3;13;8;51;1586;1;3;1
2;83715.0;0;0;2;318;8;407;150;35;8;1;2;8;13;0;59;926;0;2;0
2;91065.0;0;0;33;822;114;108;179;137;114;1;7;9;9;3;40;1474;0;1;0
2;153924.0;0;0;81;1;1;1;1;1;1;0;0;0;0;0;46;6;0;1;0
2;42081.0;1;0;86;175;10;110;54;6;27;2;6;3;4;6;39;382;1;3;1
3;38201.0;0;1;19;233;0;23;0;0;12;4;5;1;5;8;61;268;1;3;1
1;51250.0;1;0;28;342;32;230;34;32;40;5;10;5;4;9;31;710;1;2;1
3;18492.0;1;0;75;2;2;2;2;1;1;1;1;0;2;8;39;10;1;3;1
3;84117.0;0;0;60;611;76;749;59;45;26;1;7;10;6;2;65;1566;0;2;0
3;84953.0;0;0;73;167;48;602;63;72;72;1;3;10;4;2;68;1024;0;1;0
2;75794.0;0;0;33;754;160;625;63;32;48;1;7;5;12;3;34;1682;0;2;0
3;69702.0;0;1;8;664;9;240;50;19;57;2;7;7;10;4;70;1039;1;3;1
3;33996.0;0;0;46;40;2;15;8;0;6;1;1;1;3;4;32;71;0;1;0
3;83443.0;0;0;89;518;42;742;55;56;84;1;6;10;5;2;49;1497;0;2;0
2;64509.0;0;0;19;836;185;575;24;25;77;1;6;3;9;4;31;1722;0;1;0
2;75027.0;0;1;74;925;64;179;133;12;77;2;9;4;6;5;68;1390;1;3;1
2;44689.0;1;1;82;18;0;5;0;0;11;2;1;1;2;7;70;34;2;4;1
2;80011.0;0;1;3;421;76;536;82;178;102;2;8;6;5;4;41;1395;1;3;1
2;38680.0;1;0;97;11;0;36;15;5;12;1;2;0;3;7;37;79;1;3;1
3;63915.0;0;2;2;622;7;115;30;0;15;2;6;3;12;5;65;789;2;4;1
3;102160.0;0;0;54;763;29;138;76;176;58;0;7;9;10;4;44;1240;0;2;0
2;42387.0;1;0;42;235;0;235;19;4;191;5;8;1;7;8;32;684;1;3;1
3;33569.0;1;0;10;16;2;18;3;0;24;1;1;1;2;8;38;63;1;3;1
2;45146.0;1;1;28;33;0;5;0;0;15;2;1;1;2;4;58;53;2;3;1
2;70515.0;0;0;12;420;0;452;182;64;140;1;6;6;4;2;28;1258;0;1;0
1;15716.0;1;0;8;16;5;30;8;7;26;3;3;0;4;8;33;92;1;3;1
2;34421.0;1;0;81;3;3;7;6;2;9;1;1;0;2;7;47;30;1;3;1
2;73926.0;0;0;54;627;91;597;159;91;15;1;6;5;12;3;48;1580;0;2;0
2;46923.0;1;0;90;85;44;54;102;78;6;3;5;1;7;7;34;369;1;2;1
3;160803.0;0;0;21;55;16;1622;17;3;4;15;0;28;1;0;39;1717;0;2;0
3;42670.0;0;0;12;154;2;46;20;4;15;1;4;2;4;4;29;241;0;2;0
2;44421.0;1;1;53;110;5;59;7;1;7;5;5;0;4;8;50;189;2;3;1
2;39922.0;1;0;30;29;12;59;19;1;36;2;3;0;4;8;38;156;1;3;1
3;84618.0;0;0;96;684;100;801;21;66;0;1;6;9;10;2;56;1672;0;2;0
2;28718.0;1;0;78;12;4;6;11;8;16;2;2;0;3;8;39;57;1;3;1
2;69901.0;0;1;95;312;21;206;102;92;149;3;7;3;10;5;52;882;1;2;1
2;36627.0;2;0;78;9;1;5;0;0;1;1;0;0;3;5;46;16;2;3;1
1;23331.0;1;0;92;5;36;7;0;10;45;2;3;0;3;8;33;103;1;3;1
3;68805.0;0;1;73;182;2;49;17;13;20;1;3;1;7;2;62;283;1;2;1
2;76081.0;0;0;85;292;30;415;63;33;200;1;4;5;4;2;59;1033;0;2;0
3;39665.0;1;0;97;127;1;56;0;1;31;3;4;2;3;7;40;216;1;3;1
2;64590.0;0;0;98;920;138;168;36;46;30;1;9;4;10;6;53;1338;0;2;0
3;27159.0;1;1;33;17;0;3;0;0;1;2;1;0;3;6;48;21;2;4;1
2;11012.0;1;0;82;24;3;26;7;1;23;3;3;1;2;9;37;84;1;2;1
1;49118.0;0;0;90;620;54;239;99;98;119;2;9;7;10;7;50;1229;0;1;0
3;65176.0;0;1;57;960;28;183;220;70;70;4;9;6;6;6;52;1531;1;3;1
2;53700.0;0;1;94;263;5;233;69;41;83;4;5;5;8;5;69;694;1;2;1
2;72025.0;0;0;46;967;0;617;43;50;0;1;4;8;13;2;72;1677;0;2;0
2;47958.0;0;1;8;268;11;88;15;3;22;2;6;3;5;5;69;407;1;2;1
2;57967.0;0;1;39;229;7;137;4;0;91;5;4;2;8;5;59;468;1;2;1
2;58138.0;0;0;58;635;88;546;172;88;88;3;8;10;4;7;64;1617;0;1;0
2;77298.0;0;1;46;425;115;292;23;35;79;1;6;6;11;3;42;969;1;3;1
3;83532.0;0;0;36;755;144;562;104;64;224;1;4;6;4;1;122;1853;0;2;0
3;60491.0;0;1;81;637;47;237;12;19;76;4;6;11;7;5;50;1028;1;3;1
3;34176.0;0;1;9;11;2;7;4;2;2;1;1;0;3;3;46;28;1;3;1
2;45688.0;0;1;20;279;0;18;0;0;9;2;3;1;8;4;53;306;1;3;1
2;42429.0;0;1;99;55;0;6;2;0;4;2;1;1;3;5;48;67;1;2;1
2;40794.0;0;1;18;261;23;73;4;23;50;2;6;3;5;7;46;434;1;3;1
2;66503.0;1;0;30;91;64;128;65;3;50;2;4;3;6;3;36;401;1;2;1
1;30753.0;1;1;85;12;5;25;0;9;30;2;1;1;3;5;54;81;2;4;1
1;45889.0;0;1;42;31;0;6;0;1;8;1;1;0;3;6;41;46;1;2;1
3;44635.0;1;1;25;56;0;9;0;0;3;2;2;0;3;7;50;68;2;3;1
2;59111.0;0;0;90;524;0;134;28;28;155;1;11;1;8;7;67;869;0;2;0
2;18227.0;1;0;21;1;2;7;4;3;11;1;0;1;2;8;34;28;1;3;1
1;62972.0;0;1;39;313;15;47;20;0;192;2;7;4;3;6;66;587;1;3;1
2;64713.0;1;0;11;180;60;241;13;54;54;2;5;5;7;4;51;602;1;2;1
2;33249.0;1;0;11;6;10;21;19;14;42;2;2;1;3;6;46;112;1;2;1
3;73059.0;0;1;36;410;112;420;0;82;71;1;9;3;13;4;74;1095;1;3;1
3;49681.0;0;2;66;411;0;26;0;0;21;6;7;1;7;7;45;458;2;4;1
2;36790.0;0;0;14;3;3;14;15;21;10;1;2;1;2;9;38;66;0;2;0
1;20981.0;0;0;14;2;12;10;6;13;30;1;3;1;2;8;44;73;0;2;0
1;75342.0;0;1;38;204;97;97;21;118;26;1;5;2;10;4;63;563;1;2;1
2;43140.0;0;1;68;134;8;76;6;0;11;1;4;1;5;6;64;235;1;3;1
2;83033.0;1;0;82;812;99;431;237;149;33;1;11;4;10;5;35;1761;1;3;1
1;25707.0;1;0;18;1;6;2;3;6;3;1;1;0;3;7;37;21;1;2;1
2;19986.0;1;0;74;3;6;5;0;2;6;1;0;0;3;7;36;22;1;3;1
3;67680.0;0;1;8;546;0;48;0;6;6;1;7;3;8;5;70;606;1;2;1
2;73807.0;0;1;88;366;124;156;71;78;54;2;5;5;11;2;43;849;1;3;1
3;31497.0;0;1;22;108;1;28;13;1;4;2;3;1;4;8;59;155;1;3;1
2;46524.0;0;1;70;31;19;35;26;14;52;2;1;1;5;3;60;177;1;2;1
2;24711.0;0;0;86;10;7;25;6;3;7;1;3;0;3;7;39;58;0;2;0
2;23976.0;1;0;68;14;1;21;2;3;25;3;3;1;3;7;37;66;1;3;1
1;50334.0;0;1;24;284;16;160;84;16;134;6;7;4;6;6;49;694;1;3;1
3;46015.0;1;1;25;38;0;2;0;0;6;1;1;0;3;7;66;46;2;4;1
2;22327.0;1;0;94;5;4;8;2;0;5;1;1;0;3;5;36;24;1;2;1
2;61180.0;0;1;70;403;24;29;6;24;218;2;5;5;6;3;62;704;1;3;1
2;44359.0;1;1;19;20;0;14;7;3;1;3;2;0;4;3;43;45;2;4;1
1;37284.0;1;1;46;11;1;2;2;1;6;1;0;0;3;6;46;23;2;4;1
2;65196.0;0;2;34;743;19;181;12;0;200;2;7;6;11;5;63;1155;2;4;1
3;42403.0;1;0;18;22;1;11;0;5;3;1;1;0;3;8;50;42;1;3;1
2;67384.0;0;1;32;957;40;175;158;53;107;2;7;8;5;5;51;1490;1;2;1
2;26091.0;1;1;84;15;10;19;8;17;20;3;2;1;3;5;64;89;2;4;1
2;33471.0;1;0;47;43;2;27;0;9;12;3;3;0;4;7;48;93;1;3;1
2;47320.0;0;1;10;200;19;111;50;15;19;6;5;1;8;6;64;414;1;3;1
2;46734.0;0;1;40;110;5;137;26;23;29;2;6;1;5;7;67;330;1;3;1
2;93790.0;0;0;16;1302;68;731;89;114;45;0;6;7;12;2;51;2349;0;1;0
3;45759.0;1;1;13;42;1;18;3;0;4;2;2;0;3;7;57;68;2;4;1
2;65316.0;1;1;65;112;6;92;3;9;38;2;3;2;5;4;59;260;2;4;1
2;62820.0;0;0;51;398;61;265;138;61;53;1;3;4;6;1;67;976;0;2;0
3;36273.0;1;0;80;29;3;30;3;2;9;2;3;0;3;6;44;76;1;2;1
2;33378.0;1;1;38;33;6;40;3;7;10;3;2;0;4;7;58;99;2;3;1
3;50353.0;0;0;72;141;15;153;67;31;35;1;4;4;6;3;44;442;0;2;0
2;80395.0;0;0;62;445;25;706;80;76;48;1;6;5;12;2;66;1380;0;2;0
1;10404.0;1;0;52;2;2;11;10;6;12;2;1;0;4;5;32;43;1;3;1
2;67225.0;0;1;4;315;35;322;46;7;143;3;7;2;11;5;66;868;1;3;1
3;39767.0;0;0;18;113;61;204;34;26;47;2;7;1;7;8;70;485;0;2;0
2;61223.0;0;1;46;709;43;182;42;118;247;2;9;3;4;5;54;1341;1;3;1
3;7500.0;1;0;19;3;1;10;3;2;12;3;2;0;3;5;46;31;1;3;1
2;72940.0;0;0;13;182;74;298;162;149;116;1;3;3;6;1;51;981;0;2;0
3;48948.0;0;0;53;437;8;206;160;49;42;2;7;10;5;6;78;902;0;1;0
1;25443.0;1;0;82;1;4;3;8;9;7;1;1;0;3;8;32;32;1;3;1
3;33316.0;1;1;34;79;1;31;4;4;12;3;2;1;4;6;50;131;2;3;1
1;23529.0;0;1;67;9;7;13;3;2;20;1;1;1;2;6;56;54;1;2;1
2;79146.0;1;1;33;245;16;223;21;43;16;2;8;1;8;6;54;564;2;3;1
2;13624.0;1;0;93;10;2;15;2;1;6;2;2;0;3;6;45;36;1;3;1
1;26850.0;1;1;10;31;1;13;7;2;9;4;2;1;4;4;50;63;2;4;1
3;19485.0;2;0;80;6;0;4;0;0;0;1;1;0;2;7;35;10;2;3;1
1;38741.0;1;1;60;7;10;17;8;6;13;2;2;0;3;7;63;61;2;3;1
2;77972.0;0;0;18;613;22;319;33;102;12;1;4;6;9;1;67;1101;0;2;0
2;44393.0;1;1;86;24;2;20;2;2;10;2;1;0;4;4;56;60;2;4;1
2;40689.0;0;1;69;270;3;27;39;6;99;7;7;1;5;8;70;444;1;3;1
3;86836.0;0;0;7;179;21;273;0;21;63;1;6;10;6;5;46;557;0;2;0
1;60161.0;0;1;17;584;44;212;46;8;177;3;11;4;8;8;56;1071;1;2;1
3;43815.0;1;0;53;14;10;29;4;7;15;1;2;0;3;6;39;79;1;3;1
3;41551.0;1;1;51;220;0;33;3;0;23;5;5;1;5;8;57;279;2;4;1
2;77142.0;0;0;54;476;75;162;29;151;97;1;4;4;8;2;73;990;0;2;0
2;51369.0;0;1;84;297;7;79;0;11;182;2;8;2;4;8;45;576;1;3;1
1;26887.0;0;1;27;6;7;4;3;4;6;1;1;0;3;6;62;30;1;3;1
2;63943.0;0;1;50;423;184;368;13;97;21;1;6;4;6;5;65;1106;1;3;1
2;81657.0;0;0;69;364;40;425;158;60;50;1;3;4;8;1;52;1097;0;1;0
1;46772.0;0;1;88;350;104;189;197;151;57;6;11;8;5;8;46;1048;1;3;1
3;42000.0;0;0;23;124;83;267;85;59;35;2;5;2;11;5;34;653;0;1;0
2;30992.0;1;0;83;17;0;14;7;3;2;1;1;0;3;7;45;43;1;2;1
2;30096.0;1;0;30;5;3;11;12;5;9;1;2;0;3;6;38;45;1;3;1
3;50014.0;1;0;9;234;14;77;19;10;42;2;4;1;8;5;53;396;1;2;1
1;31086.0;1;1;79;16;2;11;3;0;16;2;1;1;2;8;42;48;2;4;1
3;33762.0;2;1;61;53;1;34;2;0;16;3;2;2;2;8;62;106;3;5;1
2;40590.0;1;1;30;154;0;50;6;11;37;5;3;4;3;6;52;258;2;3;1
3;31160.0;1;0;59;16;3;25;6;1;13;2;2;0;3;8;46;64;1;2;1
1;25959.0;1;1;1;4;2;12;7;5;26;2;1;2;2;6;51;56;2;3;1
3;82571.0;0;0;28;861;31;558;62;95;79;0;6;5;13;2;59;1686;0;1;0
2;57091.0;0;0;0;464;5;64;7;0;37;1;7;3;7;5;60;577;0;1;0
3;42618.0;1;0;92;76;14;74;13;5;10;2;5;0;4;8;49;192;1;2;1
3;54880.0;1;0;57;308;85;137;102;45;118;2;6;2;11;5;43;795;1;2;1
2;83844.0;0;0;57;901;31;345;75;31;191;1;4;4;11;1;69;1574;0;2;0
2;62807.0;0;1;83;526;28;135;10;21;99;3;5;3;12;5;61;819;1;3;1
2;36864.0;0;1;53;204;5;39;17;0;89;3;5;2;4;8;64;354;1;2;1
3;54237.0;0;1;48;267;3;30;4;0;57;4;5;2;5;6;64;361;1;2;1
2;60230.0;0;1;78;520;20;367;39;81;40;2;6;3;6;5;65;1067;1;2;1
2;33986.0;1;0;43;16;2;18;2;1;5;1;1;0;3;7;51;44;1;2;1
3;157243.0;0;1;98;20;2;1582;1;2;1;15;0;22;0;0;48;1608;1;3;1
2;21474.0;1;0;0;6;16;24;11;0;34;2;3;1;2;7;32;91;1;2;1
2;75315.0;0;1;14;459;15;171;142;23;31;2;5;4;12;2;67;841;1;3;1
1;24683.0;1;0;98;8;4;10;6;7;6;2;2;0;4;5;31;41;1;3;1
2;42693.0;1;0;29;8;4;20;6;3;16;1;1;0;3;5;43;57;1;3;1
2;49767.0;0;0;92;202;47;197;55;42;149;1;5;4;8;4;30;692;0;1;0
3;67472.0;0;1;93;162;31;127;8;17;69;2;4;2;7;3;74;414;1;3;1
3;84169.0;0;0;9;1478;19;403;0;19;0;1;7;6;6;3;39;1919;0;2;0
2;34935.0;0;0;71;34;4;66;3;10;20;1;2;1;4;7;29;137;0;2;0
3;57513.0;0;0;59;735;40;183;52;20;30;2;9;3;13;6;78;1060;0;1;0
3;27071.0;1;0;90;8;3;19;0;2;3;2;2;0;3;6;53;35;1;2;1
3;42021.0;1;0;34;393;5;136;7;5;27;5;10;1;6;9;40;573;1;3;1
2;61286.0;0;1;34;356;0;107;19;9;117;2;7;1;8;5;55;608;1;3;1
2;33039.0;1;0;4;30;8;12;8;8;12;1;2;0;4;5;43;78;1;3;1
2;28647.0;1;0;54;19;8;29;0;12;26;1;2;2;2;7;43;94;1;2;1
3;46692.0;0;1;37;170;6;97;24;12;88;3;6;1;5;6;63;397;1;3;1
2;36075.0;1;0;54;46;0;30;12;1;30;1;2;0;4;6;38;119;1;3;1
2;85606.0;0;1;89;717;42;864;219;30;84;2;6;7;9;3;45;1956;1;3;1
1;39548.0;1;1;87;15;4;10;3;4;18;2;1;1;3;3;58;54;2;3;1
2;18358.0;1;0;49;6;8;19;16;4;4;3;3;0;4;7;32;57;1;2;1
2;31814.0;1;0;73;35;3;20;4;1;20;2;2;0;3;9;48;83;1;3;1
3;44551.0;0;1;24;182;4;33;0;0;66;2;4;1;5;7;67;285;1;2;1
2;31158.0;1;0;62;25;6;16;20;0;5;2;2;0;3;8;36;72;1;3;1
2;34961.0;1;0;77;45;2;26;4;1;1;3;3;1;3;7;48;79;1;3;1
3;57530.0;0;1;68;50;1;27;6;7;1;1;1;1;4;1;70;92;1;2;1
2;81361.0;0;0;18;163;23;424;27;65;76;1;3;10;13;1;34;778;0;1;0
3;34230.0;1;1;72;15;0;4;0;0;2;1;1;0;2;7;56;21;2;4;1
2;71855.0;0;1;59;548;31;422;0;112;28;4;5;5;11;3;44;1141;1;3;1
2;63404.0;0;2;97;734;26;70;11;44;17;2;6;3;4;4;57;902;2;4;1
1;23331.0;1;0;97;104;20;101;24;15;5;6;5;1;5;9;33;269;1;2;1
2;63285.0;0;0;84;508;124;249;50;38;134;1;6;5;13;3;76;1103;0;1;0
3;80739.0;0;0;92;674;92;736;39;0;92;1;3;11;9;1;63;1633;0;2;0
3;24401.0;0;0;98;73;28;217;10;24;115;3;6;1;6;8;42;467;0;2;0
2;54165.0;0;0;72;127;4;73;15;6;11;1;2;1;7;2;52;236;0;2;0
2;54058.0;0;1;56;198;18;252;32;108;54;2;4;6;8;3;45;662;1;3;1
3;54356.0;0;1;62;710;15;30;20;0;0;3;11;2;8;8;72;775;1;2;1
2;55686.0;0;1;27;673;0;199;37;47;26;2;6;3;5;4;55;982;1;2;1
3;83790.0;0;0;81;1076;16;417;42;48;16;1;8;10;6;3;73;1615;0;2;0
2;48752.0;1;1;8;73;57;100;71;15;0;5;6;1;5;9;52;316;2;4;1
2;70300.0;1;0;89;1045;61;338;60;46;46;3;5;5;13;8;46;1596;1;2;1
2;52914.0;0;1;32;254;10;44;30;10;227;2;7;3;3;7;50;575;1;3;1
3;20559.0;1;0;88;13;1;29;3;0;7;2;2;0;3;8;36;53;1;3;1
2;57107.0;0;1;44;159;0;120;0;0;137;7;4;4;8;8;53;416;1;2;1
2;78468.0;0;0;29;434;22;388;104;22;34;1;10;7;10;4;61;1004;0;2;0
3;41020.0;0;0;68;112;1;54;7;7;36;1;3;2;4;3;34;217;0;1;0
2;31907.0;0;0;75;33;87;64;175;16;74;1;6;1;6;7;49;449;0;1;0
1;82122.0;0;0;89;734;22;350;151;25;100;1;3;9;13;1;59;1382;0;2;0
2;84835.0;0;0;0;189;104;379;111;189;218;1;4;4;6;1;51;1190;0;1;0
2;27421.0;0;0;14;43;12;96;78;40;55;3;4;1;6;7;67;324;0;1;0
3;73450.0;0;0;85;1142;51;415;90;69;37;1;7;8;11;3;39;1804;0;2;0
2;26304.0;1;0;5;4;1;5;2;0;4;1;1;0;2;7;52;16;1;3;1
2;87679.0;0;0;62;1259;172;815;97;148;33;1;7;11;10;4;33;2524;0;2;0
3;28839.0;1;1;86;24;0;7;0;0;1;2;2;0;3;5;65;32;2;4;1
2;31353.0;1;1;24;10;0;10;3;1;7;2;1;1;2;8;44;31;2;4;1
2;61839.0;0;0;20;1000;155;379;224;17;120;1;4;8;4;8;57;1895;0;1;0
1;71488.0;0;0;87;162;33;124;40;28;172;2;3;4;7;1;56;559;0;2;0
1;78497.0;0;0;44;207;26;447;75;0;223;1;5;7;12;2;70;978;0;2;0
3;65352.0;0;1;43;284;3;84;4;7;23;2;4;2;8;4;47;405;1;3;1
2;80589.0;0;0;25;507;93;520;242;40;26;1;5;10;5;1;77;1428;0;2;0
2;22148.0;0;0;16;15;5;14;0;4;11;1;1;0;3;7;38;49;0;1;0
2;22448.0;1;0;86;3;1;8;23;2;18;3;2;1;3;3;39;55;1;3;1
3;77520.0;0;1;30;940;44;396;0;88;58;1;8;7;7;4;62;1526;1;3;1
2;33279.0;0;0;29;10;3;3;0;0;0;1;0;0;3;3;55;16;0;1;0
3;70038.0;0;0;54;587;54;348;71;54;130;1;4;4;8;2;39;1244;0;2;0
2;48186.0;1;0;39;97;3;66;12;7;34;3;4;1;4;7;47;219;1;3;1
2;58710.0;0;1;77;440;81;368;0;122;174;6;11;5;9;6;51;1185;1;2;1
2;78331.0;0;1;97;756;138;354;160;169;61;2;10;6;7;4;63;1638;1;2;1
2;69930.0;0;0;21;252;98;827;219;70;196;1;4;5;12;3;50;1662;0;2;0
2;62710.0;0;1;53;441;35;83;7;29;11;4;4;2;12;4;49;606;1;3;1
2;55267.0;0;1;28;161;28;136;32;3;45;4;3;4;6;3;64;405;1;3;1
3;78420.0;0;0;75;604;28;674;91;28;28;1;3;10;8;1;55;1453;0;1;0
3;98777.0;0;0;23;1000;19;711;125;115;38;0;4;6;9;1;61;2008;0;1;0
3;61905.0;0;1;2;167;0;43;6;2;13;2;4;2;4;5;46;231;1;3;1
3;62058.0;0;1;52;301;7;74;10;0;58;4;6;1;7;6;65;450;1;3;1
3;45576.0;0;0;9;56;19;29;2;14;25;1;3;1;3;8;76;145;0;1;0
1;24480.0;1;0;46;4;19;9;28;25;17;3;3;0;4;7;40;102;1;3;1
2;25721.0;1;0;75;1;3;6;3;6;15;1;1;1;2;7;50;34;1;3;1
1;15862.0;1;0;26;1;1;4;11;9;10;1;1;0;3;8;42;36;1;2;1
2;34838.0;1;1;62;28;23;29;29;14;47;3;2;1;4;6;70;170;2;4;1
3;76542.0;0;0;91;794;73;573;0;29;14;1;4;8;10;2;65;1483;0;2;0
3;81929.0;1;0;60;1486;55;278;49;0;185;2;4;4;10;6;45;2053;1;3;1
2;80952.0;0;0;20;778;178;689;41;27;44;1;8;5;11;8;52;1757;0;2;0
2;15287.0;1;0;60;1;2;8;4;3;13;2;1;1;2;7;42;31;1;2;1
3;64413.0;0;1;27;200;5;44;0;10;20;1;5;1;5;5;51;279;1;3;1
3;41437.0;1;1;5;29;0;2;0;0;1;1;1;0;3;7;64;32;2;3;1
2;36715.0;1;0;16;172;10;125;21;13;16;6;7;2;4;9;50;357;1;3;1
3;27889.0;1;0;42;14;0;4;0;0;8;1;1;1;2;6;44;26;1;3;1
2;28691.0;1;0;56;5;4;13;8;0;4;1;1;0;3;8;32;34;1;3;1
2;76982.0;0;0;19;464;151;292;65;60;30;1;8;3;4;4;54;1062;0;1;0
2;44375.0;0;1;73;213;5;28;7;7;41;1;4;1;6;5;56;301;1;3;1
3;54730.0;0;1;64;318;3;17;4;7;56;5;4;1;8;4;46;405;1;3;1
2;94384.0;0;0;62;1111;24;790;160;45;172;0;5;8;5;2;68;2302;0;2;0
3;157733.0;1;0;37;39;1;9;2;0;8;0;1;0;1;1;50;59;1;3;1
2;58330.0;0;1;87;445;53;213;104;98;151;1;6;4;13;4;46;1064;1;2;1
1;52513.0;0;0;84;367;17;241;104;188;232;2;9;5;9;7;43;1149;0;2;0
2;94384.0;0;0;62;1111;24;790;160;45;172;0;5;8;5;2;68;2302;0;2;0
2;48192.0;0;0;76;1039;43;204;153;58;29;3;2;8;12;8;63;1526;0;2;0
2;49096.0;1;1;15;144;1;32;2;1;7;4;4;1;4;7;57;187;2;4;1
1;41039.0;0;0;32;34;11;137;179;61;45;1;8;1;5;8;39;467;0;2;0
2;27215.0;2;1;50;30;5;22;8;9;28;4;2;1;4;6;60;102;3;4;1
2;61250.0;0;1;49;382;138;65;60;26;59;6;5;2;12;5;62;730;1;2;1
3;65968.0;0;1;12;376;9;83;19;4;4;2;5;4;7;3;51;495;1;3;1
2;36283.0;1;1;42;6;5;5;8;0;5;2;1;0;3;4;45;29;2;4;1
3;55842.0;0;1;19;451;0;39;0;4;24;1;7;1;8;5;44;518;1;3;1
2;89694.0;1;1;22;1126;28;211;37;28;42;3;4;3;4;5;48;1472;2;3;1
3;42997.0;1;1;91;4;0;5;0;1;5;1;1;0;2;7;44;15;2;3;1
1;32146.0;1;0;16;26;3;23;4;7;3;2;2;0;4;6;38;66;1;3;1
3;70893.0;0;0;42;768;44;561;77;44;14;1;6;6;10;3;45;1508;0;1;0
2;53034.0;1;1;30;160;15;196;15;11;50;8;6;1;7;8;47;447;2;3;1
2;39356.0;1;1;21;15;0;2;0;0;6;1;1;0;2;6;45;23;2;4;1
3;22701.0;1;0;2;2;4;9;0;4;5;1;1;0;3;5;44;24;1;3;1
3;55521.0;1;2;11;416;0;26;0;0;4;9;6;3;6;7;66;446;3;4;1
3;91172.0;0;0;94;162;28;818;0;28;56;0;4;3;7;3;31;1092;0;1;0
2;29103.0;1;0;38;16;0;17;6;3;6;2;1;0;3;9;36;48;1;3;1
3;18169.0;1;0;40;9;0;5;0;0;7;1;1;0;2;8;36;21;1;3;1
3;67546.0;0;0;90;864;134;768;150;38;172;1;4;10;5;3;33;2126;0;2;0
3;82333.0;0;0;60;1311;0;359;46;89;17;1;4;3;10;2;35;1822;0;2;0
1;83257.0;0;0;56;536;27;590;38;107;67;1;5;10;12;6;26;1365;0;1;0
2;68118.0;0;1;51;595;23;123;10;23;154;2;8;9;4;6;58;928;1;2;1
1;79689.0;0;0;65;311;26;640;180;37;121;1;4;9;13;2;45;1315;0;1;0
3;60585.0;1;1;17;267;42;309;55;42;21;10;7;4;9;5;50;736;2;4;1
2;75702.0;1;1;77;650;28;353;45;42;30;5;4;6;11;8;54;1148;2;4;1
3;49681.0;0;2;66;411;0;26;0;0;21;6;7;1;7;7;45;458;2;4;1
3;47352.0;0;1;70;172;12;112;8;0;15;4;6;1;5;7;70;319;1;3;1
3;57288.0;0;1;27;527;0;21;0;0;60;3;8;1;8;6;58;608;1;3;1
1;31395.0;1;1;80;23;1;25;0;8;7;4;2;1;3;6;65;64;2;3;1
3;57091.0;0;1;82;462;0;24;6;0;4;2;9;2;5;7;49;496;1;3;1
3;32727.0;0;0;38;167;13;180;86;13;70;2;7;3;5;8;56;529;0;2;0
1;78497.0;0;0;44;207;26;447;75;0;223;1;5;7;12;2;70;978;0;2;0
2;70951.0;0;0;66;239;10;554;254;87;54;1;3;4;9;1;36;1198;0;2;0
2;71232.0;0;1;91;653;17;170;34;26;17;2;11;2;10;7;62;917;1;3;1
2;27803.0;1;0;40;8;26;46;38;9;49;2;3;0;4;8;48;176;1;3;1
2;34176.0;1;0;12;5;7;24;19;14;20;4;3;0;4;6;33;89;1;2;1
3;62187.0;0;1;38;512;0;83;0;0;41;3;6;2;10;4;52;636;1;2;1
2;53172.0;0;1;54;121;62;90;68;20;125;3;2;3;8;3;43;486;1;3;1
3;70091.0;1;0;11;964;34;137;15;0;11;2;5;2;10;8;52;1161;1;3;1
2;46344.0;1;1;38;11;1;6;2;1;6;2;1;1;2;5;67;27;2;3;1
3;59235.0;1;0;4;448;40;469;80;0;91;3;11;2;12;7;54;1128;1;2;1
3;82584.0;0;0;26;1076;68;103;29;91;68;1;3;4;8;1;47;1435;0;2;0
1;41658.0;1;1;30;8;4;12;15;4;29;2;1;1;2;4;46;72;2;3;1
2;44078.0;1;1;17;24;1;10;2;0;4;2;2;0;3;5;52;41;2;4;1
1;42395.0;1;1;35;48;13;57;24;15;25;4;3;1;4;7;40;182;2;3;1
3;36959.0;1;0;56;25;6;25;6;0;0;2;2;0;3;8;40;62;1;3;1
2;82025.0;0;0;76;267;98;606;48;70;98;1;3;2;6;1;38;1187;0;1;0
1;14421.0;0;0;81;0;0;2;3;3;8;1;1;0;2;5;25;16;0;2;0
3;47175.0;1;1;81;167;2;44;6;2;19;7;4;2;4;8;59;240;2;4;1
3;56962.0;2;1;60;292;3;77;10;3;26;7;6;3;5;7;56;411;3;5;1
2;31089.0;1;0;57;31;3;31;2;8;4;3;3;0;4;8;40;79;1;3;1
2;57537.0;1;0;83;191;56;139;51;8;100;4;4;3;8;4;42;545;1;2;1
3;49667.0;0;0;35;1181;26;120;17;13;39;2;5;10;5;8;66;1396;0;1;0
3;37760.0;1;0;54;26;3;13;2;10;0;1;2;0;3;6;49;54;1;2;1
1;70924.0;0;0;41;635;114;254;132;152;76;1;6;6;7;3;56;1363;0;2;0
2;48070.0;0;1;33;373;14;83;6;9;19;3;8;2;6;7;71;504;1;3;1
2;19656.0;1;0;94;25;4;9;6;8;32;3;2;1;3;7;51;84;1;3;1
2;41967.0;1;1;66;23;4;10;0;2;15;1;1;0;3;4;40;54;2;3;1
3;35178.0;1;0;10;23;1;13;2;2;18;1;1;1;2;7;50;59;1;3;1
1;41713.0;1;1;57;77;8;44;10;10;25;5;3;1;4;6;57;174;2;3;1
1;88194.0;0;1;19;688;14;309;201;24;38;1;11;10;10;5;42;1274;1;2;1
3;79930.0;0;0;72;792;86;740;67;51;17;1;3;5;8;2;49;1753;0;2;0
1;15253.0;1;0;13;1;3;3;8;1;13;2;1;0;3;7;29;29;1;2;1
2;37760.0;0;0;20;84;5;38;150;12;28;2;4;1;6;7;75;317;0;2;0
2;65106.0;0;1;55;790;19;133;12;0;19;3;8;3;13;6;46;973;1;3;1
3;44953.0;0;0;31;728;17;133;11;8;124;1;7;3;13;6;40;1021;0;2;0
1;49514.0;1;0;61;88;39;78;58;13;93;2;6;1;4;7;46;369;1;2;1
3;65487.0;0;0;48;240;67;500;199;0;163;3;3;5;6;2;64;1169;0;2;0
2;30261.0;1;2;75;8;0;5;0;3;6;1;0;0;3;8;49;22;3;5;1
3;49154.0;1;1;69;206;10;67;30;27;71;6;4;1;8;6;61;411;2;4;1
3;94871.0;0;2;99;169;24;553;188;0;144;1;8;5;4;7;52;1078;2;4;1
1;17256.0;1;0;10;6;4;14;8;8;22;2;2;1;2;8;29;62;1;3;1
2;34421.0;1;0;81;3;3;7;6;2;9;1;1;0;2;7;47;30;1;3;1
3;56242.0;0;1;72;689;8;167;11;8;88;5;8;4;11;6;52;971;1;3;1
1;26907.0;1;1;10;9;1;7;0;3;2;2;1;0;3;7;45;22;2;4;1
2;24163.0;1;1;3;4;1;7;2;1;2;2;1;0;3;4;51;17;2;3;1
2;67445.0;0;1;63;757;80;217;29;80;11;5;9;6;12;6;47;1174;1;3;1
2;76081.0;0;0;85;292;30;415;63;33;200;1;4;5;4;2;59;1033;0;2;0
3;33996.0;0;0;46;40;2;15;8;0;6;1;1;1;3;4;32;71;0;1;0
3;81169.0;0;0;47;1288;20;613;80;61;27;1;5;7;9;2;46;2089;0;1;0
2;29760.0;1;0;87;64;4;68;7;5;17;4;3;1;4;8;36;165;1;2;1
3;29999.0;1;0;22;68;7;59;10;5;11;4;3;1;4;8;35;160;1;2;1
3;49544.0;1;0;0;308;0;73;0;0;23;2;5;1;8;7;45;404;1;3;1
3;32557.0;1;0;13;34;3;29;0;4;10;3;2;1;3;5;54;80;1;2;1
2;42586.0;1;1;7;194;2;56;0;0;0;5;4;1;6;8;66;252;2;4;1
3;75777.0;0;0;12;712;26;538;69;13;80;1;3;6;11;1;39;1438;0;1;0
3;42386.0;1;0;43;65;4;16;0;4;11;1;3;0;3;8;35;100;1;3;1
1;82347.0;0;0;38;556;54;845;202;133;63;1;7;7;10;3;64;1853;0;2;0
2;69096.0;0;1;4;247;49;159;7;82;109;1;5;2;10;4;63;653;1;3;1
2;37150.0;1;0;80;167;37;64;49;34;116;8;4;3;6;7;50;467;1;3;1
2;52413.0;0;2;56;295;106;271;75;98;65;4;6;4;12;6;52;910;2;4;1
3;46231.0;2;1;87;189;2;55;0;5;12;4;6;1;4;9;68;263;3;4;1
3;80336.0;0;0;12;209;19;456;160;142;66;1;2;9;13;1;51;1052;0;2;0
1;78353.0;0;1;51;752;122;476;39;153;34;1;10;2;11;8;62;1576;1;2;1
3;65295.0;0;0;19;365;32;117;34;110;6;1;3;3;13;2;41;664;0;1;0
3;60896.0;0;1;90;1013;30;399;60;46;153;3;9;10;4;6;57;1701;1;3;1
2;70647.0;0;1;65;561;85;171;25;123;114;2;4;7;13;2;54;1079;1;2;1
3;78939.0;0;0;57;794;115;243;150;0;205;1;8;5;6;3;70;1507;0;2;0
3;73113.0;0;0;86;741;19;154;50;9;28;1;3;4;7;2;61;1001;0;2;0
2;46097.0;0;1;11;72;24;68;65;4;8;5;3;1;6;4;65;241;1;3;1
2;27938.0;1;0;31;13;0;8;2;1;5;1;1;0;4;3;33;29;1;2;1
3;55212.0;0;1;65;1103;0;45;0;0;34;3;4;2;11;8;52;1182;1;3;1
2;69263.0;0;1;14;492;5;32;13;5;21;1;9;1;7;6;56;568;1;2;1
2;70321.0;0;0;6;303;23;751;82;26;191;1;6;5;13;4;74;1376;0;2;0
2;31632.0;0;0;92;17;8;12;11;15;32;1;2;1;2;7;50;95;0;1;0
3;39435.0;1;0;16;71;0;18;0;0;13;1;3;1;2;7;48;102;1;3;1
2;34633.0;2;1;31;8;1;5;0;0;1;1;1;0;2;6;65;15;3;5;1
3;83891.0;0;1;24;217;38;350;111;85;15;1;4;7;10;1;47;816;1;3;1
2;34704.0;0;1;65;29;0;5;0;1;5;1;1;0;3;5;55;40;1;2;1
3;86424.0;0;0;12;387;68;569;89;45;68;1;6;9;12;1;65;1226;0;1;0
3;76140.0;0;0;57;586;66;653;17;0;26;1;5;9;6;2;73;1348;0;2;0
2;40321.0;1;1;59;44;4;21;6;0;27;2;3;0;3;7;49;102;2;4;1
3;73454.0;0;0;95;982;73;351;56;14;175;1;2;4;6;5;34;1651;0;1;0
2;62807.0;0;1;83;526;28;135;10;21;99;3;5;3;12;5;61;819;1;3;1
2;54809.0;1;1;0;63;6;57;13;13;22;4;2;1;5;4;44;174;2;4;1
1;15315.0;0;0;27;7;4;13;15;8;17;2;2;0;4;5;51;64;0;2;0
2;43020.0;1;0;79;45;7;99;4;25;43;3;4;1;4;6;51;223;1;2;1
2;19514.0;1;1;47;14;3;21;2;1;28;4;3;1;2;8;53;69;2;4;1
2;34213.0;1;1;2;50;4;28;6;3;26;3;3;1;2;9;58;117;2;3;1
2;70287.0;0;0;30;295;35;482;121;120;40;1;5;5;10;3;55;1093;0;1;0
2;26290.0;1;1;49;15;8;16;11;5;22;4;2;0;4;6;49;77;2;4;1
3;40662.0;1;0;0;40;2;23;0;4;23;2;2;1;3;4;42;92;1;3;1
3;80950.0;0;0;44;525;147;112;219;147;63;1;6;7;9;2;60;1213;0;2;0
2;69109.0;0;0;10;823;25;459;124;29;95;1;6;6;7;4;39;1555;0;2;0
3;71969.0;0;1;59;1000;0;76;0;0;10;3;3;4;9;8;50;1086;1;3;1
3;38620.0;0;0;56;112;17;44;34;22;89;1;2;5;3;3;58;318;0;2;0
2;46053.0;1;0;46;56;10;92;19;7;25;3;3;2;4;5;49;209;1;3;1
1;25130.0;1;0;10;2;5;7;0;18;18;2;2;0;3;7;41;50;1;3;1
3;63206.0;0;0;65;750;8;125;11;8;26;1;4;3;6;2;47;928;0;2;0
2;18929.0;0;0;15;32;0;8;23;4;18;1;1;0;4;6;31;85;0;2;0
2;42011.0;1;0;46;131;0;16;2;1;39;4;3;1;4;8;43;189;1;3;1
2;51537.0;0;1;27;787;20;204;0;0;92;3;2;2;11;8;69;1103;1;2;1
1;72635.0;0;0;54;390;22;323;104;35;107;1;6;8;6;3;66;981;0;2;0
2;47743.0;0;1;56;198;2;43;0;12;20;3;4;1;6;6;64;275;1;3;1
3;69476.0;0;0;3;260;86;559;63;9;67;1;4;6;4;2;52;1044;0;2;0
2;74068.0;0;0;14;783;30;537;140;76;15;1;4;10;9;2;45;1581;0;2;0
2;68695.0;0;0;3;458;81;356;106;50;40;1;4;4;7;2;52;1091;0;2;0
1;25224.0;1;0;36;4;9;12;11;2;8;2;1;1;3;3;49;46;1;3;1
2;45837.0;1;1;88;215;13;87;17;17;24;5;6;2;5;7;47;373;2;4;1
3;87171.0;0;0;27;1001;44;107;58;44;44;1;6;7;11;2;40;1298;0;2;0
2;40548.0;0;1;31;110;0;5;2;0;3;2;2;1;4;5;51;120;1;3;1
3;27161.0;1;0;41;7;4;23;7;0;11;1;1;0;3;7;35;52;1;3;1
2;41443.0;1;0;79;171;7;171;25;19;89;6;8;1;5;8;44;482;1;3;1
3;30899.0;1;0;35;24;0;8;0;0;1;2;1;0;3;6;47;33;1;2;1
1;14906.0;0;0;86;7;7;14;7;16;15;3;2;1;3;7;35;66;0;1;0
3;29298.0;1;1;60;6;0;2;2;0;1;1;1;0;2;5;70;11;2;4;1
1;69401.0;0;1;41;399;27;159;58;8;39;4;4;4;5;2;48;690;1;3;1
3;28764.0;1;1;16;8;0;3;0;0;1;1;1;0;2;8;55;12;2;4;1
3;60000.0;0;1;57;1048;0;217;0;0;12;5;11;3;5;6;45;1277;1;2;1
1;28249.0;0;0;80;1;9;7;2;14;10;1;2;0;3;6;60;43;0;2;0
2;59868.0;0;1;37;771;51;154;54;10;154;7;11;2;12;6;49;1194;1;3;1
2;39996.0;1;1;85;11;0;3;0;0;1;1;1;0;2;6;47;15;2;3;1
2;63693.0;0;1;63;587;43;337;42;87;54;3;11;6;9;6;43;1150;1;2;1
2;30372.0;1;1;33;15;0;12;7;3;7;3;2;0;3;7;50;44;2;3;1
3;63342.0;0;1;48;918;21;118;13;10;21;3;8;3;5;6;60;1101;1;3;1
2;37971.0;1;0;97;5;4;10;2;2;7;1;1;0;3;8;48;30;1;3;1
3;30538.0;1;0;27;284;0;52;8;3;20;4;9;0;4;10;50;367;1;3;1
3;31560.0;1;0;98;62;1;20;4;0;7;2;2;1;3;8;47;94;1;2;1
2;66653.0;1;1;18;452;18;102;16;18;6;4;4;2;12;3;46;612;2;4;1
2;50002.0;0;1;21;443;5;71;21;16;82;2;8;2;7;7;67;638;1;2;1
1;19414.0;1;0;32;2;3;12;3;5;7;1;1;0;3;8;40;32;1;3;1
2;30828.0;1;0;16;16;11;15;2;0;12;2;1;1;4;3;41;56;1;2;1
1;35684.0;1;0;66;10;4;7;0;6;3;1;1;0;3;6;37;30;1;3;1
3;63246.0;0;2;60;593;30;91;29;22;7;1;6;3;12;4;54;772;2;4;1
3;66636.0;0;0;64;291;10;689;84;10;0;1;3;4;9;1;64;1084;0;2;0
2;23763.0;1;0;64;22;0;6;6;2;6;1;1;0;3;7;44;42;1;2;1
1;46831.0;1;1;84;22;2;10;6;4;34;2;1;2;2;4;52;78;2;4;1
2;57731.0;0;1;0;266;21;300;65;8;44;4;8;8;6;6;52;704;1;2;1
2;28164.0;1;0;23;3;18;26;11;8;12;3;2;0;4;7;51;78;1;3;1
2;81205.0;0;0;43;724;74;929;97;55;130;1;5;6;7;2;51;2009;0;2;0
2;84906.0;0;0;98;997;15;414;99;30;76;1;5;6;12;2;49;1631;0;2;0
2;21994.0;0;1;4;9;0;6;3;1;3;1;0;0;3;5;64;22;1;3;1
2;43824.0;1;1;18;96;1;42;12;3;32;4;3;1;4;8;50;186;2;4;1
3;55614.0;0;0;85;504;13;131;8;0;26;1;9;4;6;7;77;682;0;1;0
3;33438.0;1;1;81;62;1;16;3;2;6;4;2;1;4;5;63;90;2;3;1
3;52973.0;0;1;92;856;0;76;12;9;199;7;9;6;9;8;65;1152;1;3;1
2;56715.0;0;0;52;258;105;239;237;172;9;1;7;3;4;4;47;1020;0;2;0
2;92533.0;0;0;84;693;21;118;110;147;42;1;6;5;11;2;36;1131;0;2;0
2;77343.0;0;0;28;227;151;573;98;54;31;1;3;4;9;1;56;1134;0;2;0
3;43795.0;0;1;11;314;11;53;4;3;107;3;7;3;4;7;53;492;1;3;1
1;81044.0;0;0;0;450;26;535;73;98;26;1;5;6;10;1;74;1208;0;2;0
3;35178.0;1;0;10;23;1;13;2;2;18;1;1;1;2;7;50;59;1;3;1
2;19740.0;0;1;65;7;11;3;10;4;20;2;1;1;3;5;61;55;1;3;1
2;78499.0;0;0;12;912;72;170;47;36;97;1;11;3;4;4;64;1334;0;1;0
1;62466.0;0;1;13;129;129;259;168;121;83;5;6;3;12;4;51;889;1;3;1
2;80872.0;0;0;60;483;72;567;94;12;108;1;4;4;10;1;70;1336;0;1;0
2;48789.0;0;0;94;351;16;156;7;5;145;1;6;4;7;6;29;680;0;1;0
3;86857.0;0;0;96;899;102;838;133;102;40;1;5;6;10;2;49;2114;0;1;0
2;73538.0;0;1;92;811;76;428;99;137;107;3;10;4;9;7;56;1658;1;3;1
3;54466.0;1;1;78;12;0;4;0;0;0;1;1;0;2;5;48;16;2;3;1
3;59432.0;0;1;88;317;25;265;25;19;12;3;5;3;11;5;59;663;1;2;1
3;40304.0;1;0;82;37;0;17;0;0;3;1;2;0;3;7;54;57;1;2;1
2;83917.0;0;0;12;514;22;732;42;198;79;1;6;7;7;3;48;1587;0;1;0
2;58398.0;0;0;44;299;5;201;21;21;49;3;5;4;8;4;68;596;0;2;0
2;82460.0;0;0;78;255;47;573;52;32;15;1;5;3;6;1;71;974;0;1;0
3;48948.0;0;0;53;437;8;206;160;49;42;2;7;10;5;6;78;902;0;1;0
2;67605.0;0;0;84;336;28;282;184;54;54;1;2;8;6;1;34;938;0;2;0
2;22682.0;1;0;51;10;14;29;4;2;36;3;2;1;4;4;48;95;1;3;1
3;80573.0;0;0;85;829;138;430;60;92;15;1;4;6;13;2;50;1564;0;2;0
3;74214.0;0;0;3;863;83;547;86;99;33;1;8;2;5;5;31;1711;0;2;0
2;76068.0;0;1;67;1115;12;128;33;12;76;1;2;3;4;6;46;1376;1;3;1
2;63810.0;0;1;45;977;12;253;16;12;101;4;4;3;12;8;55;1371;1;2;1
3;38054.0;1;1;24;23;2;17;2;1;0;2;2;0;3;7;71;45;2;3;1
2;62307.0;0;1;94;87;13;34;10;6;10;1;4;0;4;5;69;160;1;2;1
2;57867.0;1;0;48;344;35;178;15;23;17;7;7;2;9;6;43;612;1;3;1
3;49912.0;0;1;5;520;8;223;32;49;42;4;10;5;7;8;72;874;1;3;1
3;41335.0;1;0;24;112;19;21;16;14;5;3;4;1;4;7;53;187;1;2;1
2;36065.0;1;1;54;18;7;34;10;2;3;3;3;0;3;8;53;74;2;3;1
2;55761.0;0;1;97;136;1;12;0;3;32;2;4;1;3;6;57;184;1;3;1
2;80398.0;0;0;92;342;51;936;207;35;26;1;5;8;12;3;55;1597;0;2;0
2;34824.0;0;0;65;4;2;11;2;0;4;1;1;0;2;6;26;23;0;1;0
3;70379.0;0;1;84;553;25;142;65;67;8;3;6;3;13;4;45;860;1;2;1
3;44377.0;1;1;70;224;0;30;0;0;10;8;5;1;5;8;53;264;2;4;1
2;49094.0;0;1;6;376;0;38;11;8;69;5;6;3;6;6;48;502;1;3;1
1;65706.0;0;0;77;918;10;129;13;0;129;1;11;3;12;7;51;1199;0;1;0
2;61559.0;0;1;8;279;83;88;32;14;34;1;4;2;10;3;56;530;1;2;1
2;44322.0;1;0;30;46;0;40;3;0;3;2;3;0;3;8;36;92;1;3;1
2;79593.0;0;0;70;350;60;568;110;133;145;1;5;6;7;2;48;1366;0;2;0
1;21063.0;1;0;34;1;10;11;19;3;15;2;2;0;3;6;34;59;1;2;1
2;30992.0;1;0;83;17;0;14;7;3;2;1;1;0;3;7;45;43;1;2;1
3;52614.0;0;1;63;789;0;142;12;9;38;2;2;4;8;8;46;990;1;2;1
3;61331.0;1;1;42;534;5;47;0;5;41;5;11;1;6;8;63;632;2;3;1
3;34043.0;1;0;97;20;2;14;3;0;10;1;2;0;2;9;43;49;1;3;1
3;50943.0;0;1;49;31;0;7;2;0;6;1;1;0;3;5;65;46;1;3;1
2;54233.0;0;1;46;652;8;158;21;0;142;4;11;6;5;8;44;981;1;3;1
3;69283.0;0;1;41;674;62;134;0;26;8;4;7;3;13;5;46;904;1;3;1
3;60482.0;0;1;81;255;43;134;37;14;24;1;7;2;7;7;45;507;1;2;1
3;75261.0;0;0;17;1239;17;413;23;34;17;1;5;6;5;2;66;1743;0;2;0
2;96876.0;0;0;79;908;43;735;40;194;21;1;7;7;9;2;44;1941;0;2;0
3;47570.0;1;1;3;67;1;20;0;2;31;3;2;2;2;7;72;121;2;3;1
3;39228.0;0;0;1;7;1;6;0;3;3;1;0;0;3;4;61;20;0;1;0
1;16581.0;0;0;51;1;3;4;2;3;11;1;0;0;3;4;36;24;0;1;0
3;16269.0;1;0;75;19;3;18;3;1;0;3;3;0;3;8;37;44;1;2;1
1;20491.0;0;0;16;5;4;5;4;2;10;1;0;1;2;7;35;30;0;2;0
3;37395.0;1;0;47;18;0;9;0;1;11;1;1;0;3;6;45;39;1;3;1
2;23910.0;1;0;80;16;12;18;7;1;13;1;2;0;3;7;52;67;1;2;1
2;42691.0;0;0;48;179;2;64;38;17;58;1;5;1;6;5;30;358;0;2;0
1;7500.0;1;0;98;5;17;17;13;14;34;4;2;1;3;9;36;100;1;3;1
1;8940.0;1;0;25;1;45;3;4;6;42;3;3;1;3;8;35;101;1;2;1
3;40442.0;1;1;52;45;12;52;25;22;13;4;3;1;4;7;69;169;2;4;1
2;33039.0;1;0;4;30;8;12;8;8;12;1;2;0;4;5;43;78;1;3;1
2;77298.0;0;1;46;425;115;292;23;35;79;1;6;6;11;3;42;969;1;3;1
2;78687.0;0;0;13;817;185;687;145;55;241;1;4;6;8;2;38;2130;0;2;0
3;34487.0;1;1;94;19;18;33;24;1;8;3;3;0;3;9;44;103;2;3;1
2;58917.0;1;2;10;151;7;89;0;7;28;5;4;1;6;5;52;282;3;5;1
2;26091.0;1;1;84;15;10;19;8;17;20;3;2;1;3;5;64;89;2;4;1
2;86429.0;0;0;10;464;28;873;29;18;37;0;7;4;7;2;60;1449;0;1;0
3;87188.0;0;0;73;910;111;724;49;74;55;1;10;2;6;3;38;1923;0;1;0
2;56981.0;0;0;91;908;48;217;32;12;24;1;2;3;13;6;40;1241;0;1;0
2;72504.0;0;1;43;604;26;470;123;161;94;2;5;9;6;2;49;1478;1;2;1
2;63693.0;0;1;63;587;43;337;42;87;54;3;11;6;9;6;43;1150;1;2;1
2;17148.0;1;0;80;9;9;11;13;10;16;4;3;1;3;8;45;68;1;3;1
2;72967.0;0;1;1;158;35;179;0;0;125;2;7;2;8;5;51;497;1;2;1
2;72228.0;0;0;87;631;28;491;30;14;56;1;6;7;8;3;69;1250;0;1;0
1;25176.0;1;1;79;4;0;4;0;0;5;1;1;0;2;7;45;13;2;4;1
2;22518.0;1;0;36;11;7;12;2;2;27;2;2;1;2;5;35;61;1;3;1
1;7500.0;1;0;63;10;17;18;8;26;40;4;3;2;2;9;29;119;1;2;1
3;54108.0;1;1;74;539;6;91;8;6;97;13;8;2;9;8;48;747;2;4;1
2;55357.0;2;0;66;374;64;116;84;25;64;3;6;2;11;5;36;727;2;4;1
2;80982.0;1;1;48;505;137;401;104;22;22;3;11;5;11;5;62;1191;2;3;1
3;77632.0;0;0;73;1200;105;758;0;42;147;1;4;2;6;2;74;2252;0;2;0
2;80812.0;0;0;95;769;22;500;210;143;33;1;4;8;5;2;68;1677;0;2;0
2;74538.0;0;0;21;380;98;733;110;112;28;1;8;8;5;3;50;1461;0;2;0
2;62882.0;0;1;26;509;133;497;78;24;97;2;7;5;6;4;52;1338;1;3;1
3;80184.0;0;0;19;1035;134;670;25;38;0;1;6;3;10;3;77;1902;0;2;0
3;33168.0;0;1;0;80;1;37;0;1;3;3;2;1;4;7;56;122;1;2;1
2;75114.0;0;0;40;571;12;523;63;60;24;1;3;10;5;2;29;1253;0;2;0
3;56129.0;0;1;65;320;48;133;39;72;48;4;6;2;10;4;68;660;1;3;1
3;69661.0;0;0;80;656;16;106;32;16;8;1;7;3;12;3;41;834;0;2;0
3;56850.0;0;1;83;34;1;19;2;7;0;1;1;1;3;2;50;63;1;3;1
3;66973.0;0;0;98;466;22;432;147;113;102;1;8;7;12;3;32;1282;0;2;0
2;16531.0;1;0;43;2;13;6;7;5;11;3;3;0;3;7;43;44;1;3;1
2;48794.0;1;1;97;25;0;11;3;0;15;1;1;0;3;4;68;54;2;4;1
3;63516.0;1;1;30;141;11;114;15;14;5;4;4;1;7;5;48;300;2;4;1
2;27469.0;0;0;2;9;1;2;3;2;0;1;0;0;3;6;74;17;0;2;0
2;10245.0;1;0;32;4;7;7;6;4;13;3;1;2;2;5;50;41;1;2;1
3;49854.0;1;0;63;123;17;171;39;0;30;5;6;2;5;6;49;380;1;3;1
2;54252.0;1;1;25;178;4;26;8;4;44;5;4;1;5;6;65;264;2;3;1
3;36663.0;1;0;40;18;0;6;3;3;5;1;1;1;3;2;46;35;1;3;1
3;79419.0;0;0;96;751;127;687;20;15;31;1;4;6;4;2;51;1631;0;2;0
2;36317.0;0;1;53;87;3;25;3;2;13;2;3;0;4;7;56;133;1;3;1
2;34412.0;1;0;62;52;12;50;4;36;55;3;5;0;3;9;31;209;1;2;1
3;51124.0;1;1;79;26;1;11;0;1;4;2;1;0;3;3;66;43;2;3;1
2;86111.0;0;0;73;399;28;756;36;40;126;1;5;7;10;2;59;1385;0;2;0
1;85710.0;0;0;5;600;20;350;29;30;33;1;6;9;10;2;32;1062;0;2;0
3;42564.0;0;1;28;324;48;186;39;18;198;6;6;8;4;7;53;813;1;2;1
3;18988.0;1;0;43;6;0;6;2;1;1;2;1;0;3;7;37;16;1;3;1
2;68655.0;0;0;95;456;19;832;75;118;38;1;4;5;11;3;33;1538;0;1;0
3;34242.0;0;1;25;8;2;4;0;0;1;1;0;0;3;5;62;15;1;3;1
2;46998.0;0;1;55;172;41;86;45;6;27;5;5;3;5;7;65;377;1;2;1
3;162397.0;1;1;31;85;1;16;2;1;2;0;0;0;1;1;45;107;2;4;1
2;41850.0;1;1;51;53;5;19;2;13;4;3;3;0;3;8;41;96;2;4;1
3;62845.0;1;1;3;1099;0;45;0;0;34;11;3;4;10;8;72;1178;2;4;1
3;72159.0;0;0;62;322;53;899;34;40;53;1;4;6;10;2;43;1401;0;2;0
3;49389.0;1;1;55;40;0;19;2;1;3;1;2;0;3;7;70;65;2;3;1
3;40233.0;0;1;84;80;4;46;0;17;2;5;2;1;5;6;46;149;1;3;1
2;79456.0;0;0;12;565;42;548;64;83;99;1;5;6;4;3;65;1401;0;2;0
3;64325.0;0;1;41;731;60;353;78;12;73;5;10;3;5;7;60;1307;1;2;1
2;38557.0;1;0;17;76;3;31;4;4;27;2;3;1;3;7;43;145;1;2;1
3;35924.0;1;1;56;8;0;14;2;3;7;1;1;0;3;5;52;34;2;4;1
3;63120.0;0;1;53;965;69;279;54;41;69;5;8;4;9;7;71;1477;1;2;1
3;65695.0;0;1;50;371;32;189;0;58;6;2;5;4;10;4;61;656;1;3;1
2;25851.0;1;0;45;9;4;18;7;5;5;2;2;0;3;7;43;48;1;3;1
3;68682.0;0;0;56;919;0;505;99;30;45;1;4;9;10;2;30;1598;0;2;0
3;58217.0;2;1;84;68;1;13;3;5;13;1;2;0;4;6;70;103;3;4;1
3;27213.0;1;0;19;19;3;26;10;9;3;3;2;0;4;8;49;70;1;2;1
3;60504.0;0;1;73;458;0;24;6;4;34;2;6;2;8;6;50;526;1;2;1
2;34026.0;1;1;11;18;6;15;12;8;17;3;2;1;3;5;71;76;2;4;1
2;40049.0;0;1;61;91;65;52;10;44;28;3;3;2;6;5;47;290;1;3;1
3;70545.0;0;1;29;138;39;63;55;18;21;1;4;1;7;2;69;334;1;3;1
2;83528.0;0;0;7;530;117;678;134;44;147;1;4;10;8;1;29;1650;0;1;0
2;57100.0;1;0;9;158;11;99;15;11;17;2;3;2;7;3;34;311;1;2;1
2;61314.0;0;1;1;378;0;189;97;172;172;2;5;5;12;3;53;1008;1;3;1
2;55635.0;0;1;34;235;65;164;50;49;27;4;7;3;7;6;50;590;1;2;1
2;63684.0;0;1;61;575;80;428;208;93;80;3;8;4;8;5;51;1464;1;3;1
2;57100.0;0;0;19;181;21;69;39;3;96;1;3;3;6;3;48;409;0;2;0
2;48195.0;1;1;53;106;27;68;52;7;5;6;4;2;5;6;65;265;2;4;1
2;81795.0;0;0;74;324;132;693;27;118;88;1;4;11;7;2;69;1382;0;2;0
3;33316.0;1;1;34;79;1;31;4;4;12;3;2;1;4;6;50;131;2;3;1
3;27100.0;1;0;64;12;0;13;2;0;10;1;1;0;3;7;38;37;1;3;1
2;70337.0;0;0;75;187;81;149;25;43;91;1;2;2;12;1;42;576;0;1;0
3;36927.0;1;1;46;51;0;16;0;0;4;2;3;0;3;8;66;71;2;3;1
2;25252.0;1;0;26;1;3;4;2;2;6;1;1;0;2;8;35;18;1;3;1
3;57236.0;1;1;22;105;0;9;2;1;4;3;2;1;4;3;56;121;2;4;1
2;52332.0;0;0;63;212;5;33;7;0;2;1;3;2;6;4;62;259;0;1;0
1;87305.0;0;0;19;345;25;501;63;138;80;1;5;3;8;2;61;1152;0;1;0
3;65808.0;1;1;1;155;7;80;13;7;10;3;5;1;5;6;50;272;2;3;1
3;34941.0;1;1;26;39;2;25;4;3;24;2;3;0;3;8;65;97;2;4;1
1;38593.0;1;0;42;51;12;49;17;24;24;3;4;1;3;8;43;177;1;2;1
2;65492.0;0;0;73;247;161;295;210;85;47;2;4;7;13;2;62;1045;0;2;0
2;43322.0;0;0;25;56;7;48;10;2;18;1;3;0;4;7;47;141;0;1;0
2;64892.0;0;1;77;527;24;230;32;24;65;2;6;4;12;4;45;902;1;2;1
3;52614.0;0;1;63;789;0;142;12;9;38;2;2;4;8;8;46;990;1;2;1
3;34109.0;0;1;39;9;1;5;2;1;4;1;0;0;3;4;50;22;1;3;1
2;28442.0;2;0;53;19;3;10;11;8;6;3;2;1;4;4;43;57;2;4;1
2;59041.0;1;1;25;69;2;15;2;2;6;2;2;0;4;5;48;96;2;4;1
2;26095.0;1;0;77;11;7;9;3;1;11;1;1;0;3;7;31;42;1;2;1
1;53233.0;0;1;18;28;0;9;3;0;0;1;1;0;3;4;64;40;1;3;1
1;36301.0;1;0;53;11;12;35;3;5;12;1;3;0;3;7;45;78;1;3;1
3;37126.0;1;0;9;45;3;9;4;4;7;1;1;2;2;6;50;72;1;3;1
2;75330.0;1;1;94;555;82;257;93;61;61;4;10;3;12;6;44;1109;2;4;1
2;56046.0;0;0;9;577;0;64;0;0;51;2;10;1;8;8;56;692;0;2;0
3;68352.0;0;1;47;614;16;132;43;33;33;3;8;5;9;6;47;871;1;2;1
3;38197.0;1;0;86;23;0;11;2;1;3;1;1;0;3;5;35;40;1;3;1
3;55284.0;0;1;60;547;7;140;0;7;63;3;7;5;8;5;65;764;1;2;1
1;14188.0;0;0;40;2;7;11;16;12;27;1;2;0;4;6;49;75;0;2;0
3;57072.0;0;1;79;944;0;60;0;0;30;2;7;5;13;5;60;1034;1;3;1
1;20130.0;0;0;99;0;6;3;7;6;12;1;1;0;3;8;47;34;0;2;0
2;18701.0;1;1;95;12;4;2;10;6;10;4;2;0;4;5;57;44;2;3;1
2;31928.0;1;0;5;33;4;24;4;2;5;2;3;0;4;7;32;72;1;3;1
3;67087.0;0;1;40;329;35;222;130;35;43;2;7;5;8;4;68;794;1;3;1
2;41883.0;1;0;13;32;34;41;73;16;116;3;4;2;3;7;33;312;1;3;1
2;77044.0;0;1;12;625;38;242;50;34;76;2;7;11;11;4;49;1065;1;3;1
2;30631.0;1;0;75;15;6;20;4;5;20;1;3;1;2;7;47;70;1;3;1
3;73059.0;0;1;36;410;112;420;0;82;71;1;9;3;13;4;74;1095;1;3;1
2;17649.0;1;0;70;15;1;23;0;5;1;3;3;0;3;8;45;45;1;3;1
2;87771.0;0;1;61;1492;38;287;50;57;33;1;5;10;4;6;62;1957;1;3;1
2;43057.0;0;1;30;213;2;44;0;2;5;4;4;2;5;5;46;266;1;3;1
2;29672.0;1;1;6;9;1;3;0;4;8;1;0;0;3;6;56;25;2;4;1
3;70053.0;0;1;38;512;53;98;81;179;89;3;8;5;10;5;56;1012;1;3;1
3;68117.0;0;1;80;618;44;215;0;17;36;2;11;8;4;6;74;930;1;2;1
3;38829.0;0;1;86;76;0;7;0;0;16;1;3;2;2;5;62;99;1;3;1
2;66294.0;0;0;68;251;108;334;65;92;117;1;4;3;5;2;56;967;0;1;0
2;59754.0;0;1;96;115;27;44;4;146;139;3;5;2;6;5;56;475;1;3;1
2;62204.0;0;2;38;317;46;247;151;46;139;1;4;5;12;3;61;946;2;3;1
2;44964.0;1;1;35;19;1;17;2;0;2;1;1;0;3;8;41;41;2;4;1
3;46681.0;0;2;52;269;15;69;15;19;38;2;4;6;4;5;73;425;2;4;1
1;33812.0;1;0;86;4;17;19;30;24;39;2;2;1;3;6;36;133;1;2;1
2;43638.0;0;1;37;63;10;83;7;19;19;2;4;1;4;7;52;201;1;2;1
2;62551.0;0;0;27;125;16;98;134;21;27;1;6;7;4;3;68;421;0;1;0
2;38946.0;0;1;84;116;6;82;6;6;41;2;3;1;6;5;66;257;1;3;1
2;70971.0;0;1;28;1001;17;572;93;125;17;7;11;11;5;7;61;1825;1;3;1
3;62670.0;0;1;57;539;30;92;80;46;38;1;5;3;13;3;67;825;1;3;1
3;82072.0;0;0;67;889;55;685;168;92;129;1;3;2;13;1;51;2018;0;2;0
3;48432.0;0;1;3;322;3;50;4;3;42;5;7;1;6;8;48;424;1;2;1
1;35523.0;1;0;8;11;5;22;12;5;11;2;3;0;3;7;40;66;1;3;1
3;35946.0;1;1;24;8;0;3;0;0;0;1;0;0;3;5;72;11;2;3;1
3;56223.0;0;1;72;77;28;31;16;0;4;2;2;1;5;4;73;156;1;3;1
2;54386.0;0;1;8;277;21;64;62;21;25;2;3;2;10;3;40;470;1;3;1
2;50785.0;1;1;27;64;1;21;0;1;27;2;2;1;3;6;59;114;2;3;1
2;73803.0;0;1;61;833;80;363;52;26;174;2;9;5;6;6;64;1528;1;3;1
2;69755.0;0;0;23;217;77;373;111;23;93;1;3;6;12;1;76;894;0;2;0
2;72460.0;0;0;56;377;10;540;80;30;10;1;3;5;7;1;52;1047;0;2;0
2;71626.0;0;0;94;546;72;376;94;145;72;1;5;5;8;3;42;1305;0;2;0
2;56939.0;0;1;19;256;34;103;90;29;49;2;3;3;10;3;45;561;1;3;1
3;49505.0;1;1;4;604;0;100;19;0;28;9;10;2;8;8;50;751;2;4;1
2;23478.0;0;0;51;28;6;27;12;17;39;1;3;0;3;8;56;129;0;1;0
1;7500.0;0;0;59;6;16;11;11;1;16;1;2;0;3;8;45;61;0;2;0
2;52531.0;0;0;68;283;112;151;51;72;125;2;7;2;10;6;50;794;0;2;0
3;38175.0;1;0;6;70;6;69;2;3;3;3;3;1;4;7;37;153;1;3;1
2;71427.0;2;0;26;212;123;177;15;64;23;2;8;2;8;4;43;614;2;4;1
3;37929.0;0;0;49;202;2;46;3;2;10;2;4;2;5;7;36;265;0;1;0
2;68274.0;1;1;83;135;25;51;23;25;46;2;4;2;5;3;42;305;2;3;1
2;39062.0;1;0;28;23;0;9;0;0;12;1;1;0;3;4;38;44;1;2;1
1;24594.0;1;0;94;1;3;6;10;0;9;1;1;0;3;5;42;29;1;3;1
3;44159.0;1;0;85;167;2;62;24;13;7;4;4;1;6;5;51;275;1;3;1
3;73705.0;0;2;86;612;91;520;258;107;107;2;9;6;8;5;70;1695;2;3;1
3;38578.0;1;1;2;38;4;22;3;3;3;3;3;0;3;8;49;73;2;3;1
2;38823.0;0;1;56;70;0;11;2;8;23;1;2;1;3;6;72;114;1;3;1
2;37155.0;1;0;51;23;0;26;7;15;3;1;2;0;4;5;32;74;1;3;1
2;33622.0;1;1;22;39;1;22;3;4;12;3;2;0;4;7;49;81;2;4;1
1;9722.0;1;0;7;6;17;16;6;16;42;4;3;1;3;8;48;103;1;3;1
3;4023.0;1;1;29;5;0;1;1;1;1;15;0;0;0;19;58;9;2;4;1
3;47353.0;0;1;93;184;2;19;8;8;4;3;2;2;6;5;61;225;1;3;1
3;62845.0;1;1;3;1099;0;45;0;0;34;11;3;4;10;8;72;1178;2;4;1
2;61014.0;0;1;17;269;129;495;182;43;29;4;9;3;4;7;41;1147;1;3;1
3;57744.0;0;1;91;350;3;39;0;0;19;2;9;1;4;8;67;411;1;3;1
3;32173.0;0;1;0;18;0;2;0;0;2;1;1;0;3;4;63;22;1;2;1
1;14918.0;0;1;52;3;3;3;15;4;15;1;1;0;3;6;58;43;1;3;1
3;68126.0;0;0;40;1332;17;311;23;51;86;1;7;4;5;9;30;1820;0;1;0
3;43269.0;1;0;61;10;1;7;0;0;1;1;1;0;2;8;49;19;1;3;1
3;58293.0;1;0;94;173;43;118;46;27;15;5;5;3;6;5;40;422;1;3;1
3;37633.0;1;1;49;13;4;20;0;0;1;2;1;0;3;9;64;38;2;4;1
2;39747.0;1;0;43;80;15;93;20;13;52;3;5;1;4;8;33;273;1;2;1
2;7500.0;1;0;19;7;0;12;13;7;32;5;4;1;2;9;45;71;1;3;1
3;26877.0;0;0;74;101;13;76;20;18;40;2;3;1;6;6;52;268;0;1;0
2;51651.0;0;1;32;293;6;23;13;6;92;4;6;2;5;8;61;433;1;3;1
3;59412.0;0;0;56;90;67;165;30;43;11;1;4;2;8;3;70;406;0;2;0
3;38179.0;1;1;30;38;4;22;4;2;20;4;3;1;3;7;55;90;2;4;1
2;74918.0;0;0;78;972;59;913;25;19;59;1;5;9;6;3;52;2047;0;2;0
2;37040.0;0;0;41;86;2;73;69;38;48;1;4;2;5;8;39;316;0;2;0
2;48904.0;0;1;1;283;10;38;0;13;27;4;7;2;4;8;61;371;1;2;1
3;53312.0;0;0;32;241;0;12;0;0;25;1;5;1;5;7;70;278;0;2;0
2;68487.0;0;0;48;758;12;385;33;89;89;1;9;7;13;4;33;1366;0;2;0
2;64849.0;0;0;42;652;48;350;94;84;108;1;9;3;6;5;64;1336;0;1;0
2;68487.0;0;0;48;758;12;385;33;89;89;1;9;7;13;4;33;1366;0;2;0
2;53359.0;1;1;4;173;4;30;3;6;41;4;5;1;4;7;45;257;2;4;1
2;22108.0;1;1;46;5;3;9;6;2;6;2;2;0;3;7;44;31;2;4;1
2;67131.0;0;1;72;465;71;250;93;35;62;3;9;2;12;6;65;976;1;3;1
3;61923.0;0;2;94;92;4;18;3;3;6;1;2;1;4;3;60;126;2;4;1
3;77766.0;0;1;97;1004;59;265;115;59;27;2;11;10;11;6;54;1529;1;3;1
3;22669.0;1;0;30;16;14;36;37;22;48;3;4;1;2;9;46;173;1;3;1
2;34935.0;0;0;71;34;4;66;3;10;20;1;2;1;4;7;29;137;0;2;0
3;69969.0;0;0;64;882;29;514;38;29;44;1;4;2;6;3;56;1536;0;2;0
2;79593.0;0;0;70;350;60;568;110;133;145;1;5;6;7;2;48;1366;0;2;0
2;17323.0;0;0;38;3;14;17;6;1;5;1;1;0;3;8;34;46;0;2;0
2;47691.0;0;1;43;14;0;3;0;0;4;1;1;0;2;6;42;21;1;2;1
2;72190.0;0;0;79;597;166;597;172;166;249;1;5;6;4;3;56;1947;0;2;0
2;24639.0;1;1;3;20;3;16;0;4;1;3;2;0;4;6;48;44;2;4;1
2;27943.0;1;1;89;12;1;16;4;1;3;3;2;0;3;8;54;37;2;4;1
1;89572.0;0;0;44;606;24;974;197;194;64;1;7;7;9;4;55;2059;0;1;0
2;57811.0;0;1;49;545;7;114;37;21;78;5;7;2;11;5;55;802;1;3;1
2;80144.0;0;0;47;240;132;445;250;192;108;1;3;7;8;1;46;1367;0;2;0
2;35701.0;0;0;36;21;1;9;7;3;5;1;1;0;3;6;62;46;0;2;0
2;54450.0;1;1;0;454;0;171;8;19;32;12;9;2;8;8;65;684;2;4;1
2;28427.0;1;0;67;18;3;19;3;3;6;2;2;0;3;8;38;52;1;3;1
2;7500.0;0;0;94;0;2;3;4;1;5;1;0;0;3;6;34;15;0;2;0
2;60093.0;0;1;92;502;12;109;16;6;90;2;7;2;10;6;47;735;1;3;1
3;71466.0;0;0;86;412;12;546;78;182;0;1;4;4;10;1;47;1230;0;1;0
3;50870.0;0;1;13;53;0;8;0;0;2;1;2;0;3;5;69;63;1;3;1
3;42169.0;1;1;20;19;0;9;0;0;2;2;1;0;3;8;52;30;2;4;1
3;30477.0;1;0;16;47;1;6;0;0;12;1;1;1;3;6;37;66;1;3;1
2;64587.0;1;1;49;66;0;16;0;6;20;2;1;1;4;3;67;108;2;3;1
1;67893.0;0;1;31;711;28;142;49;18;47;2;3;2;9;8;46;995;1;2;1
3;56575.0;0;2;42;421;5;90;0;16;10;3;7;3;7;5;54;542;2;4;1
2;31353.0;1;1;24;10;0;10;3;1;7;2;1;1;2;8;44;31;2;4;1
1;15056.0;1;1;76;6;12;3;21;6;40;5;2;2;3;5;63;88;2;3;1
3;39858.0;1;0;67;15;20;25;2;7;26;1;2;0;4;6;52;95;1;2;1
3;81300.0;0;1;17;1004;12;145;32;12;36;3;10;3;5;5;58;1241;1;3;1
2;39898.0;0;1;20;69;8;26;12;7;12;2;3;0;4;7;67;134;1;3;1
3;5648.0;1;1;68;28;0;6;1;1;13;1;1;0;0;20;71;49;2;4;1
2;81217.0;0;0;77;493;70;324;146;40;84;1;3;7;11;1;32;1157;0;1;0
2;28087.0;1;1;77;53;8;17;13;0;21;3;2;2;2;7;63;112;2;4;1
2;29938.0;1;0;52;3;3;7;0;2;11;2;1;0;3;6;36;26;1;2;1
2;28691.0;1;0;56;5;4;13;8;0;4;1;1;0;3;8;32;34;1;3;1
3;30560.0;1;0;6;9;1;5;4;5;7;1;1;0;3;7;45;31;1;3;1
2;47025.0;0;1;52;254;7;108;20;0;26;3;6;3;5;6;45;415;1;2;1
2;56181.0;0;1;6;121;103;69;8;44;48;1;4;2;7;4;59;393;1;3;1
3;67911.0;0;1;63;529;0;356;63;28;0;3;6;7;11;3;72;976;1;3;1
1;22634.0;0;0;47;2;23;11;8;6;46;1;2;1;2;8;55;96;0;2;0
3;93027.0;0;0;77;1285;42;716;55;0;21;0;7;10;5;2;80;2119;0;2;0
2;69209.0;0;0;4;496;32;849;229;48;128;2;5;3;6;4;49;1782;0;2;0
2;71113.0;0;1;95;495;33;255;11;33;8;4;6;7;9;4;64;835;1;3;1
2;29236.0;1;0;30;37;4;24;16;9;9;2;4;0;3;9;34;99;1;2;1
2;18690.0;0;0;77;6;1;7;23;4;19;1;1;1;2;8;62;60;0;2;0
2;55375.0;0;1;3;42;11;57;10;28;14;1;1;1;6;2;44;162;1;3;1
3;63841.0;0;1;64;635;15;100;20;7;131;1;9;3;9;6;53;908;1;2;1
1;26490.0;0;0;92;45;47;52;21;20;25;2;3;1;5;6;63;210;0;2;0
3;86979.0;0;0;67;584;100;835;65;83;35;1;5;5;5;2;50;1702;0;1;0
3;42731.0;1;0;64;159;2;51;6;2;24;3;4;1;5;5;52;244;1;3;1
1;46891.0;0;1;91;43;12;23;29;15;61;1;2;1;4;4;56;183;1;3;1
2;24221.0;0;0;94;8;9;9;2;5;22;1;1;1;3;4;62;55;0;2;0
2;53977.0;0;1;21;620;16;165;0;24;82;5;5;5;12;5;63;907;1;3;1
2;44794.0;0;1;99;54;0;7;0;0;4;1;2;0;3;6;55;65;1;3;1
3;32765.0;1;0;49;13;3;17;7;3;3;2;2;0;4;5;42;46;1;3;1
1;47682.0;0;1;80;162;61;83;97;57;61;4;4;3;8;5;46;521;1;2;1
3;29732.0;1;0;23;25;0;8;0;1;4;1;2;0;2;9;50;38;1;3;1
2;40049.0;0;1;23;13;6;7;0;3;3;1;1;0;3;6;69;32;1;2;1
3;64857.0;0;0;78;556;14;717;210;0;43;1;7;5;10;4;65;1540;0;1;0
3;68682.0;0;0;56;919;0;505;99;30;45;1;4;9;10;2;30;1598;0;2;0
1;80910.0;0;0;71;160;80;369;67;39;41;1;3;3;8;1;35;756;0;1;0
2;46310.0;1;0;99;185;2;88;15;5;14;2;6;1;5;8;45;309;1;2;1
3;35682.0;1;0;34;23;0;8;6;2;18;1;1;1;3;2;51;57;1;2;1
2;35704.0;1;1;54;30;9;12;2;11;30;3;2;0;4;4;69;94;2;4;1
3;30560.0;1;0;6;9;1;5;4;5;7;1;1;0;3;7;45;31;1;3;1
2;18100.0;0;0;14;3;1;2;4;3;1;1;0;0;3;5;75;14;0;2;0
2;105471.0;0;0;36;1009;181;104;202;21;207;0;9;8;13;3;51;1724;0;2;0
1;48985.0;0;1;13;19;13;18;10;7;8;1;1;1;3;3;53;75;1;3;1
2;30983.0;0;0;50;51;4;50;12;1;49;1;4;0;3;8;58;167;0;1;0
1;82347.0;0;0;38;556;54;845;202;133;63;1;7;7;10;3;64;1853;0;2;0
2;82224.0;0;0;83;307;26;360;138;31;40;1;6;9;5;3;57;902;0;2;0
3;47808.0;0;1;30;123;1;26;2;0;72;2;3;2;3;7;46;224;1;3;1
1;24594.0;1;0;94;1;3;6;10;0;9;1;1;0;3;5;42;29;1;3;1
3;76842.0;0;0;37;605;10;345;84;54;32;1;1;8;7;0;71;1130;0;1;0
2;79410.0;0;0;19;658;80;483;123;13;13;1;3;2;5;1;60;1370;0;2;0
3;50729.0;1;1;62;239;13;143;45;4;52;9;6;2;7;6;63;496;2;3;1
2;70566.0;0;1;4;381;28;215;84;28;21;2;6;5;9;3;53;757;1;2;1
2;16813.0;0;0;49;4;8;11;12;2;13;1;2;0;3;7;71;50;0;1;0
2;34600.0;1;1;8;199;33;60;8;3;15;5;5;2;5;8;50;318;2;4;1
2;92910.0;0;0;42;551;137;792;179;103;33;1;6;7;13;1;35;1795;0;2;0
2;62335.0;0;1;87;243;131;217;85;6;26;2;3;3;13;2;69;708;1;2;1
2;68655.0;0;0;95;456;19;832;75;118;38;1;4;5;11;3;33;1538;0;1;0
2;63887.0;0;1;38;897;23;207;15;11;92;5;9;6;12;6;59;1245;1;2;1
3;38443.0;1;1;58;32;0;5;0;0;1;2;1;0;3;7;53;38;2;4;1
2;92955.0;0;0;35;693;21;925;31;24;84;1;6;7;9;2;48;1778;0;2;0
2;30168.0;1;0;51;154;20;66;0;12;27;7;6;1;4;9;43;279;1;2;1
3;10979.0;0;0;34;8;4;10;2;2;4;2;3;0;3;5;32;30;0;1;0
2;61064.0;0;1;80;387;126;342;0;45;180;5;8;4;11;6;45;1080;1;3;1
3;30298.0;0;0;48;6;3;12;6;1;0;1;1;1;3;3;36;28;0;1;0
2;64260.0;0;0;1;539;169;816;20;0;30;1;4;5;4;3;60;1574;0;2;0
2;22419.0;0;0;74;30;3;47;19;21;42;1;3;2;2;8;58;162;0;2;0
2;71613.0;0;0;26;426;49;127;111;21;42;1;8;2;10;4;56;776;0;2;0
2;24762.0;1;0;16;6;10;12;3;15;40;3;3;1;2;8;49;86;1;2;1
3;50150.0;0;0;32;135;46;92;65;61;11;2;5;2;7;5;38;410;0;2;0
2;65210.0;0;1;25;626;0;70;0;7;28;2;9;3;8;6;66;731;1;3;1
2;14045.0;1;0;24;11;0;5;2;1;1;1;1;0;3;7;52;20;1;3;1
3;84865.0;0;0;1;1248;16;349;43;16;16;1;2;4;9;4;60;1688;0;1;0
2;29604.0;1;0;88;7;6;13;7;6;14;1;1;0;3;9;33;53;1;3;1
2;66886.0;0;1;28;315;4;62;41;31;146;2;7;1;7;5;63;599;1;3;1
2;73687.0;0;0;8;559;153;503;218;13;181;1;3;9;9;2;31;1627;0;2;0
3;71322.0;0;1;57;753;43;226;69;10;204;2;8;5;13;4;56;1305;1;3;1
3;70643.0;0;0;66;1218;107;304;23;143;33;1;5;8;4;6;37;1828;0;2;0
2;65991.0;0;1;21;507;19;364;25;47;9;3;9;5;10;7;45;971;1;3;1
1;75484.0;0;1;50;378;97;259;197;194;34;2;7;3;6;4;45;1159;1;3;1
3;54959.0;0;1;55;1148;0;60;0;0;24;3;9;5;4;7;60;1232;1;2;1
3;31788.0;1;0;15;16;7;23;0;8;6;3;3;0;4;5;38;60;1;2;1
1;74116.0;0;0;53;871;111;704;145;55;166;1;4;4;10;2;39;2052;0;1;0
2;61671.0;0;1;23;641;7;56;0;0;28;8;10;4;6;8;53;732;1;2;1
3;29548.0;1;0;52;7;1;6;3;1;11;1;1;1;2;4;51;29;1;2;1
3;23536.0;1;0;53;6;0;3;0;0;1;1;0;0;3;3;38;10;1;3;1
3;61798.0;0;0;13;338;4;89;11;8;13;1;4;2;9;4;57;463;0;1;0
3;65324.0;0;1;0;384;0;102;21;32;5;3;6;2;9;4;67;544;1;3;1
2;46904.0;1;1;20;153;4;56;0;9;31;4;5;1;4;8;54;253;2;3;1
2;83844.0;0;0;57;901;31;345;75;31;191;1;4;4;11;1;69;1574;0;2;0
2;73448.0;0;0;10;236;106;189;23;41;130;1;7;2;9;4;52;725;0;2;0
2;42664.0;0;1;44;21;0;3;0;0;0;1;1;0;3;6;54;24;1;3;1
2;49638.0;0;1;71;18;10;3;3;5;0;1;1;0;3;2;69;39;1;2;1
2;26751.0;2;0;26;1;1;5;0;3;1;1;1;0;2;8;47;11;2;4;1
1;63855.0;0;0;28;359;35;314;93;116;89;1;7;3;13;4;43;1006;0;2;0
2;22419.0;0;0;74;30;3;47;19;21;42;1;3;2;2;8;58;162;0;2;0
3;17144.0;1;1;96;18;2;19;0;2;6;5;3;0;4;7;61;47;2;4;1
2;62450.0;0;1;61;515;47;267;62;66;38;2;5;5;4;3;62;995;1;2;1
3;44124.0;0;1;62;284;0;55;0;6;52;4;6;2;5;8;75;397;1;3;1
3;69867.0;0;0;30;196;0;512;33;130;54;1;3;5;8;1;35;925;0;1;0
2;58113.0;0;1;66;221;104;169;102;78;84;3;9;2;8;7;62;758;1;3;1
3;26642.0;1;0;71;13;2;15;2;2;8;2;2;0;3;6;54;42;1;2;1
1;49669.0;1;0;97;166;5;107;11;8;29;2;5;1;6;6;47;326;1;3;1
1;13533.0;1;0;45;12;3;8;8;0;17;2;2;0;3;7;42;48;1;2;1
3;83151.0;0;0;93;407;28;100;120;74;18;1;5;9;4;3;61;747;0;2;0
2;58116.0;0;1;38;228;19;130;4;11;51;2;3;3;8;2;65;443;1;3;1
1;26490.0;0;0;92;45;47;52;21;20;25;2;3;1;5;6;63;210;0;2;0
3;65324.0;0;1;0;384;0;102;21;32;5;3;6;2;9;4;67;544;1;3;1
2;23295.0;0;0;72;0;0;1;2;12;5;1;1;0;2;8;62;20;0;1;0
2;30081.0;0;1;27;36;0;2;0;0;4;1;1;0;3;7;60;42;1;2;1
3;59247.0;0;2;87;327;9;122;19;14;83;5;5;2;9;6;59;574;2;3;1
1;54342.0;1;1;74;84;10;34;11;10;28;4;3;1;4;6;65;177;2;4;1
2;69372.0;0;0;10;997;26;269;34;13;42;1;10;4;6;4;72;1381;0;2;0
3;65526.0;0;1;22;397;19;69;12;0;9;1;4;4;8;2;57;506;1;3;1
3;69098.0;0;0;82;1315;22;780;145;0;178;1;7;8;9;5;72;2440;0;2;0
3;75251.0;0;0;34;721;111;925;97;18;18;1;7;6;5;5;49;1890;0;2;0
3;65846.0;0;0;68;562;81;276;80;40;81;1;6;3;6;4;76;1120;0;2;0
2;80067.0;0;0;82;519;17;813;27;173;51;1;4;6;6;2;67;1600;0;2;0
1;47025.0;0;1;98;508;11;59;23;5;29;5;11;1;6;9;43;635;1;3;1
3;85696.0;0;0;88;714;76;395;116;0;12;1;4;6;9;1;59;1313;0;1;0
2;71322.0;0;1;31;121;24;124;24;15;42;1;4;1;7;2;45;350;1;3;1
3;62000.0;0;1;25;899;0;101;0;0;20;1;6;6;13;4;69;1020;1;2;1
2;7500.0;1;0;54;5;3;10;12;7;20;4;3;1;3;7;48;57;1;2;1
2;52074.0;0;1;77;59;0;12;0;0;48;1;2;2;2;4;54;119;1;2;1
3;79734.0;0;0;72;572;8;232;23;62;17;1;4;3;6;1;52;914;0;2;0
2;38998.0;1;1;92;34;1;14;0;0;5;3;2;0;3;8;67;54;2;4;1
3;43142.0;1;1;84;5;1;7;2;1;4;1;1;0;2;7;52;20;2;4;1
2;26954.0;1;0;17;4;1;11;0;0;1;1;1;0;2;7;50;17;1;2;1
3;70777.0;0;1;80;554;35;113;0;7;78;3;5;3;12;3;53;787;1;3;1
3;54197.0;0;1;16;162;6;37;6;13;13;2;1;3;6;1;61;237;1;3;1
2;58597.0;1;1;20;490;0;184;10;28;21;12;7;4;9;7;45;733;2;4;1
2;76653.0;0;0;91;736;63;946;219;189;126;1;4;7;11;2;52;2279;0;2;0
3;32303.0;0;1;63;35;0;2;0;0;2;2;1;0;4;5;51;39;1;2;1
3;55412.0;1;1;65;10;5;28;11;1;8;1;2;0;3;5;45;63;2;3;1
3;73395.0;0;0;94;272;7;80;20;7;11;1;4;4;6;2;34;397;0;2;0
2;70617.0;0;0;45;353;61;753;40;46;27;1;3;3;7;2;51;1280;0;2;0
2;49678.0;0;1;81;229;5;56;3;2;20;2;6;2;4;7;60;315;1;3;1
3;92491.0;0;0;71;979;44;935;29;25;22;1;7;5;12;3;38;2034;0;2;0
3;41335.0;1;0;24;112;19;21;16;14;5;3;4;1;4;7;53;187;1;2;1
2;19986.0;1;0;74;3;6;5;0;2;6;1;0;0;3;7;36;22;1;3;1
3;33419.0;0;1;76;56;0;12;0;0;18;2;2;0;4;7;59;86;1;2;1
2;46149.0;0;1;36;254;6;71;4;0;27;5;5;1;7;5;46;362;1;3;1
3;64191.0;0;1;30;420;15;186;151;38;15;3;5;3;13;3;58;825;1;2;1
2;65665.0;0;1;77;225;162;387;106;36;29;1;5;10;8;3;45;945;1;3;1
2;68118.0;0;1;51;595;23;123;10;23;154;2;8;9;4;6;58;928;1;2;1
3;36930.0;0;1;50;223;2;31;0;2;39;5;5;2;4;8;67;297;1;3;1
2;16529.0;1;0;23;3;0;5;13;0;1;1;1;0;3;6;37;22;1;3;1
3;53843.0;0;1;64;378;0;88;19;4;73;4;8;5;3;7;56;562;1;3;1
1;66664.0;0;0;78;398;96;447;220;96;32;1;5;7;6;3;39;1289;0;2;0
2;65275.0;0;0;9;388;14;218;91;14;21;1;4;3;13;2;77;746;0;2;0
1;26907.0;1;1;10;9;1;7;0;3;2;2;1;0;3;7;45;22;2;4;1
3;31535.0;1;0;95;15;4;13;0;0;19;1;1;1;2;7;41;51;1;3;1
3;42710.0;1;0;38;252;3;42;4;3;102;2;4;5;3;6;37;406;1;2;1
1;32218.0;0;0;27;10;24;15;13;1;30;1;2;1;3;7;61;93;0;1;0
1;62972.0;0;1;39;313;15;47;20;0;192;2;7;4;3;6;66;587;1;3;1
3;44319.0;1;1;18;26;0;8;0;0;3;2;2;0;3;5;46;37;2;4;1
3;55951.0;0;1;62;1241;0;80;0;13;40;3;3;6;11;8;69;1374;1;3;1
2;77437.0;0;0;70;560;21;442;29;44;29;1;4;5;13;1;58;1125;0;2;0
1;47823.0;0;1;0;53;1;5;2;1;10;2;2;0;3;8;61;72;1;2;1
3;56937.0;1;0;81;746;8;125;11;8;8;7;8;6;9;6;40;906;1;3;1
1;23830.0;0;0;3;1;8;6;4;8;16;1;1;0;3;7;34;43;0;1;0
2;31590.0;1;0;40;6;2;15;6;6;3;1;1;0;3;8;49;38;1;3;1
2;85683.0;0;0;6;1296;17;311;45;69;51;1;2;4;10;1;67;1789;0;1;0
2;45684.0;1;0;37;5;1;5;10;0;7;1;1;0;2;7;50;28;1;2;1
3;16653.0;1;0;10;5;7;31;15;4;7;3;2;1;3;6;42;69;1;2;1
3;58656.0;0;1;25;962;12;194;16;24;12;4;7;8;13;6;65;1220;1;3;1
1;20425.0;1;0;5;4;12;5;3;16;17;2;2;0;3;7;35;57;1;3;1
3;60432.0;0;1;61;365;3;15;4;3;11;5;7;2;5;6;48;401;1;3;1
1;31878.0;0;1;7;23;4;5;10;5;23;1;1;0;4;3;44;70;1;2;1
2;65148.0;0;1;9;460;35;422;33;12;153;2;6;6;7;4;63;1115;1;3;1
2;90369.0;0;0;2;292;51;981;224;23;17;1;4;6;6;1;65;1588;0;2;0
2;70792.0;0;0;82;344;45;654;104;11;114;2;3;4;10;3;70;1272;0;1;0
1;13724.0;1;0;43;2;7;5;2;15;27;1;2;0;2;9;33;58;1;3;1
1;58821.0;0;1;44;513;14;154;19;0;28;1;9;2;9;6;65;728;1;3;1
2;39771.0;1;0;92;6;2;18;2;8;14;1;2;0;3;4;44;50;1;3;1
2;50387.0;0;2;91;369;9;87;12;14;34;3;6;2;8;5;65;525;2;4;1
3;88097.0;1;0;24;163;0;480;0;126;75;1;6;5;8;9;43;844;1;3;1
2;32233.0;1;0;26;138;15;35;25;11;72;2;6;2;2;9;47;296;1;2;1
3;67369.0;0;1;81;1298;0;70;37;14;42;4;7;4;10;4;52;1461;1;2;1
2;51813.0;1;1;37;51;2;7;0;1;2;2;2;0;3;7;49;63;2;3;1
